name,none,energy_per_atom,formation_energy_per_atom,nsites,is_hubbard,elements,nelements,e_above_hull,spacegroup,band_gap,density,total_magnetization,oxide_type,elasticity,angle,length,nn_sites
Al2O3,0,-7.481357943000001,-3.4357283297500003,10,False,"['Al', 'O']",2,0.0,"{'symprec': 0.1, 'source': 'spglib', 'symbol': 'R-3c', 'number': 167, 'point_group': '-3m', 'crystal_system': 'trigonal', 'hall': '-R 3 2""c'}",6.043599999999999,3.8734983394693465,0.0,oxide,"{'G_Reuss': 145.0, 'G_VRH': 147.0, 'G_Voigt': 149.0, 'G_Voigt_Reuss_Hill': 147.0, 'K_Reuss': 232.0, 'K_VRH': 232.0, 'K_Voigt': 232.0, 'K_Voigt_Reuss_Hill': 232.0, 'elastic_anisotropy': 0.16, 'elastic_tensor': [[452.0, 150.0, 107.0, 20.0, 0.0, 0.0], [150.0, 452.0, 107.0, -20.0, 0.0, 0.0], [107.0, 107.0, 454.0, 0.0, 0.0, 0.0], [20.0, -20.0, 0.0, 132.0, 0.0, 0.0], [0.0, 0.0, 0.0, 0.0, 132.0, 20.0], [0.0, 0.0, 0.0, 0.0, 20.0, 151.0]], 'homogeneous_poisson': 0.24, 'poisson_ratio': 0.24, 'universal_anisotropy': 0.16, 'elastic_tensor_original': [[452.88438075058264, 149.32230924280603, 107.84796496254714, -20.10675793699231, 0.0, 0.0], [148.62120151839645, 453.5170195225491, 107.90847433611715, 20.173114161264873, 0.0, 0.0], [106.9405661066039, 106.94049665460224, 454.3703632383968, 0.0, 0.0, 0.0], [-20.86619534535896, 19.832316552076684, -0.17929756761829355, 131.71960640208465, 0.0, 0.0], [-0.0013251095003368445, -0.015841534176974235, -0.0003537556433960988, 0.012846932839122636, 131.7651980776287, -20.304943009508005], [-1.4040031587713696e-05, -1.1880019661839212e-05, 2.6599853168491205e-06, -1.9746683263811934e-05, -20.3341646730955, 149.8292238793223]], 'compliance_tensor': [[2.6, -0.8, -0.4, -0.5, -0.0, -0.0], [-0.8, 2.6, -0.4, 0.5, 0.0, -0.0], [-0.4, -0.4, 2.4, -0.0, -0.0, 0.0], [-0.5, 0.5, -0.0, 7.8, -0.0, 0.0], [-0.0, 0.0, -0.0, -0.0, 7.8, -1.0], [-0.0, -0.0, 0.0, 0.0, -1.0, 6.8]], 'warnings': [], 'nsites': 10}",79.64554078566731,1.9312443616666668,6.0
Si,0,-5.423390655,0.0,2,False,['Si'],1,0.0,"{'symprec': 0.1, 'source': 'spglib', 'symbol': 'Fd-3m', 'number': 227, 'point_group': 'm-3m', 'crystal_system': 'cubic', 'hall': 'F 4d 2 3 -1d'}",0.8526999999999996,2.2811942835376744,0.0,None,"{'G_Reuss': 59.0, 'G_VRH': 61.0, 'G_Voigt': 63.0, 'G_Voigt_Reuss_Hill': 61.0, 'K_Reuss': 83.0, 'K_VRH': 83.0, 'K_Voigt': 83.0, 'K_Voigt_Reuss_Hill': 83.0, 'elastic_anisotropy': 0.3, 'elastic_tensor': [[144.0, 53.0, 53.0, 0.0, 0.0, 0.0], [53.0, 144.0, 53.0, 0.0, 0.0, 0.0], [53.0, 53.0, 144.0, 0.0, 0.0, 0.0], [0.0, 0.0, 0.0, 75.0, 0.0, 0.0], [0.0, 0.0, 0.0, 0.0, 75.0, 0.0], [0.0, 0.0, 0.0, 0.0, 0.0, 75.0]], 'homogeneous_poisson': 0.2, 'poisson_ratio': 0.2, 'universal_anisotropy': 0.3, 'elastic_tensor_original': [[143.59662611419026, 52.716249956207186, 52.716249956207186, 0.0, 0.0, 0.0], [52.71618474461329, 143.59655595135587, 52.71618474461329, 0.0, 0.0, 0.0], [52.71625019134147, 52.71625019134147, 143.59655898700666, 0.0, 0.0, 0.0], [-0.0006856267559438911, -0.0006126217518273736, -0.001050410159174148, 74.67536771330981, 0.0, 0.0], [0.0004921750872145198, 0.0004755034221185144, 0.0009776151709707706, 0.0, 74.67620832804741, 0.0], [0.0003213883716915868, 0.0006489600881952788, 0.00028623002218141827, 0.0, 0.0, 74.67380385414108]], 'compliance_tensor': [[8.7, -2.3, -2.3, 0.0, -0.0, 0.0], [-2.3, 8.7, -2.3, -0.0, 0.0, -0.0], [-2.3, -2.3, 8.7, -0.0, -0.0, 0.0], [0.0, -0.0, -0.0, 13.4, -0.0, 0.0], [-0.0, 0.0, -0.0, -0.0, 13.4, -0.0], [0.0, -0.0, 0.0, 0.0, -0.0, 13.4]], 'warnings': [], 'nsites': 2}",109.47122063449068,2.36802869,4.0
CaF2,0,-5.8591337,-4.245612699126666,3,False,"['Ca', 'F']",2,0.0,"{'symprec': 0.1, 'source': 'spglib', 'symbol': 'Fm-3m', 'number': 225, 'point_group': 'm-3m', 'crystal_system': 'cubic', 'hall': '-F 4 2 3'}",7.2479,3.0898325922098566,3.4899999999999995e-05,None,"{'G_Reuss': 37.0, 'G_VRH': 38.0, 'G_Voigt': 40.0, 'G_Voigt_Reuss_Hill': 38.0, 'K_Reuss': 77.0, 'K_VRH': 77.0, 'K_Voigt': 77.0, 'K_Voigt_Reuss_Hill': 77.0, 'elastic_anisotropy': 0.49, 'elastic_tensor': [[151.0, 39.0, 39.0, 0.0, 0.0, 0.0], [39.0, 151.0, 39.0, 0.0, 0.0, 0.0], [39.0, 39.0, 151.0, 0.0, 0.0, 0.0], [0.0, 0.0, 0.0, 30.0, 0.0, 0.0], [0.0, 0.0, 0.0, 0.0, 30.0, 0.0], [0.0, 0.0, 0.0, 0.0, 0.0, 30.0]], 'homogeneous_poisson': 0.28, 'poisson_ratio': 0.28, 'universal_anisotropy': 0.49, 'elastic_tensor_original': [[151.07882240147524, 39.28049825877863, 39.28049825877863, 0.0, 0.0, 0.0], [39.29589209542231, 151.09429018783777, 39.29589209542231, 0.0, 0.0, 0.0], [39.265832828024536, 39.265832828024536, 151.06544763625217, 0.0, 0.0, 0.0], [0.0004372363161036074, 0.0003795529596355178, 0.0003535896903380574, 29.79554498900113, 0.0, 0.0], [-0.0011219620935469929, -0.0009052239547289169, -0.001046028936554124, 0.0, 29.794067445824687, 0.0], [0.0005010895684451483, 0.0003825713634661573, 0.00035660804956171927, 0.0, 0.0, 29.795423209941053]], 'compliance_tensor': [[7.414635357391391, -1.5300061567237442, -1.5300061567237446, -1.449868666380972e-23, 0.0, 1.449868666380972e-23], [-1.5300061567237446, 7.414635357391389, -1.5300061567237442, 7.026277266976582e-23, 0.0, 1.4498686663809716e-23], [-1.5300061567237444, -1.5300061567237442, 7.414635357391391, -1.449868666380972e-23, 0.0, -7.026277266976583e-23], [-1.4498686663809722e-23, 7.026277266976582e-23, -1.449868666380972e-23, 33.56266491767783, 0.0, 1.373928556114231e-46], [0.0, 0.0, 0.0, 0.0, 33.562664917677814, 0.0], [1.4498686663809722e-23, 1.449868666380972e-23, -7.026277266976584e-23, 1.373928556114231e-46, 0.0, 33.56266491767783]], 'warnings': [], 'nsites': 3}",70.52877936550931,2.38852058,8.0
C,0,-9.22676982,0.0,4,False,['C'],1,0.0,"{'symprec': 0.1, 'source': 'spglib', 'symbol': 'R-3m', 'number': 166, 'point_group': '-3m', 'crystal_system': 'trigonal', 'hall': '-R 3 2""'}",2.6904,1.2743710183702888,2.5e-08,None,"{'G_Reuss': 3.0, 'G_VRH': 89.0, 'G_Voigt': 175.0, 'G_Voigt_Reuss_Hill': 89.0, 'K_Reuss': 5.0, 'K_VRH': 113.0, 'K_Voigt': 222.0, 'K_Voigt_Reuss_Hill': 113.0, 'elastic_anisotropy': 346.41, 'elastic_tensor': [[849.0, 148.0, -1.0, 0.0, 0.0, 0.0], [148.0, 849.0, -1.0, -0.0, 0.0, 0.0], [-1.0, -1.0, 5.0, 0.0, 0.0, 0.0], [0.0, -0.0, 0.0, 1.0, 0.0, 0.0], [0.0, 0.0, 0.0, 0.0, 1.0, 0.0], [0.0, 0.0, 0.0, 0.0, 0.0, 351.0]], 'homogeneous_poisson': 0.19, 'poisson_ratio': 0.19, 'universal_anisotropy': 346.41, 'elastic_tensor_original': [[829.3876147168999, 144.99505136248015, 9.712566754952153, -8.859655744739683, -91.00895947760351, -5.888112185015413], [145.02000859233792, 842.6133956668477, 3.9798544786282046, -53.25240300062613, -15.717721989248822, -5.8630121426950925], [7.86912287425879, 6.829893286870322, 4.62422808887282, -0.1693902497338168, -0.40191998951708713, 0.12254924325764624], [-8.705548837859999, -52.5748641444183, -0.8309167901565191, 8.936612164215584, 3.3615270983813432, -37.35244297829801], [-89.77895400966005, -15.521860682381886, -1.4110982381530612, 3.3806165945041644, 12.692978658149306, -21.51530268792312], [-5.87228715873722, -5.817684308245602, 4.847160199792778, -37.59106371485886, -21.63131298805198, 345.06944014335727]], 'compliance_tensor': [[1.2144349408049415, -0.2108749546637089, 0.1599888714730808, -0.03487444928374409, -3.1689621225924895e-07, -1.7367879975880686e-07], [-0.21087495466370873, 1.2144335939946735, 0.15998878301084196, 0.034834975864463665, 6.001644519854124e-08, -1.7367870391277378e-07], [0.1599888714730822, 0.159988783010841, 218.3806563680209, -2.3885378992296455e-05, -9.408628486159106e-05, -1.3774978220038767e-08], [-0.03487444928374826, 0.03483497586443385, -2.388537908502e-05, 720.8070567048577, -5.1523863889039387e-05, -3.619444455051921e-07], [-3.168961990394139e-07, 6.001645720820273e-08, -9.408628473523759e-05, -5.1523862745388695e-05, 720.8074552619255, -0.06978828273040553], [-1.7367879935059955e-07, -1.7367870415685778e-07, -1.3774979328559058e-08, -3.6194447983229814e-07, -0.06978828273032149, 2.8506184593842523]], 'warnings': ['Inequivalent optimization structure'], 'nsites': 4}",119.99987988053944,1.4256931133333335,3.0
NiO,0,-4.9681341425,-1.037390508125,4,True,"['Ni', 'O']",2,0.0,"{'symprec': 0.1, 'source': 'spglib', 'symbol': 'Fm-3m', 'number': 225, 'point_group': '-3m', 'crystal_system': 'cubic', 'hall': '-F 4 2 3'}",2.4141000000000004,6.617519556001579,0.0,oxide,"{'G_Reuss': 67.0, 'G_VRH': 69.0, 'G_Voigt': 71.0, 'G_Voigt_Reuss_Hill': 69.0, 'K_Reuss': 204.0, 'K_VRH': 204.0, 'K_Voigt': 204.0, 'K_Voigt_Reuss_Hill': 204.0, 'elastic_anisotropy': 0.27, 'elastic_tensor': [[274.0, 170.0, 170.0, 0.0, 0.0, 0.0], [170.0, 274.0, 170.0, 0.0, 0.0, 0.0], [170.0, 170.0, 274.0, 0.0, 0.0, 0.0], [0.0, 0.0, 0.0, 83.0, 0.0, 0.0], [0.0, 0.0, 0.0, 0.0, 83.0, 0.0], [0.0, 0.0, 0.0, 0.0, 0.0, 83.0]], 'homogeneous_poisson': 0.35, 'poisson_ratio': 0.35, 'universal_anisotropy': 0.27, 'elastic_tensor_original': [[273.56475323710214, 169.59217323283383, 169.59217323283383, 0.0, 0.0, 0.0], [169.59217323283383, 273.56475323710214, 169.59217323283383, 0.0, 0.0, 0.0], [169.59217323283383, 169.59217323283383, 273.56475323710214, 0.0, 0.0, 0.0], [0.0, 0.0, 0.0, 83.32230473763043, 0.0, 0.0], [0.0, 0.0, 0.0, 0.0, 83.32230473763043, 0.0], [0.0, 0.0, 0.0, 0.0, 0.0, 83.32230473763043]], 'compliance_tensor': [[7.0, -2.7, -2.7, -0.0, 0.0, 0.0], [-2.7, 7.0, -2.7, 0.0, -0.0, -0.0], [-2.7, -2.7, 7.0, 0.0, 0.0, 0.0], [-0.0, 0.0, 0.0, 12.0, 0.0, 0.0], [0.0, -0.0, 0.0, 0.0, 12.0, 0.0], [0.0, -0.0, 0.0, 0.0, 0.0, 12.0]], 'warnings': [], 'nsites': 4}",89.93917554939009,2.1082901566666665,6.0
MnO,0,-7.856707145,-1.9934462509325852,4,True,"['Mn', 'O']",2,0.0,"{'symprec': 0.1, 'source': 'spglib', 'symbol': 'Fm-3m', 'number': 225, 'point_group': '-3m', 'crystal_system': 'cubic', 'hall': '-F 4 2 3'}",0.19930000000000006,5.190708253085687,0.0,oxide,"{'G_Reuss': 63.0, 'G_VRH': 65.0, 'G_Voigt': 66.0, 'G_Voigt_Reuss_Hill': 65.0, 'K_Reuss': 143.0, 'K_VRH': 143.0, 'K_Voigt': 143.0, 'K_Voigt_Reuss_Hill': 143.0, 'elastic_anisotropy': 0.23, 'elastic_tensor': [[209.0, 110.0, 110.0, 0.0, 0.0, 0.0], [110.0, 209.0, 110.0, 0.0, 0.0, 0.0], [110.0, 110.0, 209.0, 0.0, 0.0, 0.0], [0.0, 0.0, 0.0, 77.0, 0.0, 0.0], [0.0, 0.0, 0.0, 0.0, 77.0, 0.0], [0.0, 0.0, 0.0, 0.0, 0.0, 77.0]], 'homogeneous_poisson': 0.3, 'poisson_ratio': 0.3, 'universal_anisotropy': 0.23, 'elastic_tensor_original': [[209.12184017320686, 109.52645480497203, 109.52645480497203, 0.0, 0.0, 0.0], [109.52303627188283, 209.3392121315629, 109.52303627188283, 0.0, 0.0, 0.0], [109.52781029357756, 109.52781029357756, 209.12297854309023, 0.0, 0.0, 0.0], [0.0005999314579895147, 0.0007298530180660132, 0.0005975031244168972, 77.21727106246773, 0.0, 0.0], [0.0004732643428728068, 0.0007311424239957591, 0.00039743757868052656, 0.0, 77.2171002023994, 0.0], [0.0010511997687513539, 0.0009531183733043457, 0.0008367450690362552, 0.0, 0.0, 77.21681235486676]], 'compliance_tensor': [[7.5, -2.6, -2.6, -0.0, 0.0, -0.0], [-2.6, 7.5, -2.6, -0.0, -0.0, 0.0], [-2.6, -2.6, 7.5, 0.0, -0.0, -0.0], [-0.0, -0.0, 0.0, 13.0, -0.0, -0.0], [0.0, -0.0, -0.0, -0.0, 13.0, -0.0], [-0.0, 0.0, -0.0, -0.0, -0.0, 13.0]], 'warnings': [], 'nsites': 4}",89.30107500253173,2.2472719466666664,6.0
Ni2O3,0,-4.492234889000001,-0.4985068877499998,20,True,"['Ni', 'O']",2,0.3359434149166649,"{'symprec': 0.1, 'source': 'spglib', 'symbol': 'Cmcm', 'number': 63, 'point_group': 'mmm', 'crystal_system': 'orthorhombic', 'hall': '-C 2c 2'}",0.0,5.34937079621259,0.2275646,oxide,,82.94186592456278,2.0272240133333335,6.0
CoO,0,-6.15002000875,-1.4100283768750002,8,True,"['Co', 'O']",2,0.0,"{'symprec': 0.1, 'source': 'spglib', 'symbol': 'F-43m', 'number': 216, 'point_group': '-42m', 'crystal_system': 'cubic', 'hall': 'F -4 2 3'}",0.8425000000000002,5.118013506615284,1.25e-07,oxide,,109.3211412397515,1.9912950825,4.0
CoF2,0,-5.141385285,-2.449579264126667,6,True,"['Co', 'F']",2,0,"{'symprec': 0.1, 'source': 'spglib', 'symbol': 'P4_2/mnm', 'number': 136, 'point_group': '4/mmm', 'crystal_system': 'tetragonal', 'hall': '-P 4n 2n'}",2.2721,4.4388955286858165,1.215e-05,None,,78.45656322200928,2.065873376666666,6.0
MnF2,0,-6.432649023333332,-2.9919968276650586,6,True,"['Mn', 'F']",2,0.0,"{'symprec': 0.1, 'source': 'spglib', 'symbol': 'P4_2/mnm', 'number': 136, 'point_group': '4/mmm', 'crystal_system': 'tetragonal', 'hall': '-P 4n 2n'}",2.5363,3.7440003154893486,0.0,None,"{'G_Reuss': 25.0, 'G_VRH': 30.0, 'G_Voigt': 35.0, 'G_Voigt_Reuss_Hill': 30.0, 'K_Reuss': 84.0, 'K_VRH': 85.0, 'K_Voigt': 87.0, 'K_Voigt_Reuss_Hill': 85.0, 'elastic_anisotropy': 2.05, 'elastic_tensor': [[158.0, 67.0, 67.0, 0.0, 0.0, 0.0], [67.0, 99.0, 77.0, 0.0, 0.0, 0.0], [67.0, 77.0, 99.0, 0.0, 0.0, 0.0], [0.0, 0.0, 0.0, 68.0, 0.0, 0.0], [0.0, 0.0, 0.0, 0.0, 29.0, 0.0], [0.0, 0.0, 0.0, 0.0, 0.0, 29.0]], 'homogeneous_poisson': 0.34, 'poisson_ratio': 0.34, 'universal_anisotropy': 2.05, 'elastic_tensor_original': [[99.18323467783881, 77.10708855770204, 68.31490974789713, 0.0, 0.0, 0.0], [77.10813565441468, 99.18433856481722, 68.31655796429122, 0.0, 0.0, 0.0], [66.45278319183636, 66.45278319183636, 158.03482911789519, 0.0, 0.0, 0.0], [2.3686673277237957e-05, 4.172667831195066e-05, 5.4263348477225136e-05, 28.719249735087136, 0.0, 0.0], [4.3320012090051296e-05, 2.5040006988259734e-05, 2.5963340578703893e-05, 0.0, 28.719178558400603, 0.0], [-4.384001053433441e-05, -5.9163347552690304e-05, -0.00014087336719076642, 0.0, 0.0, 67.61804227138738]], 'compliance_tensor': [[9.4, -3.6, -3.6, -0.0, -0.0, 0.0], [-3.6, 26.9, -18.4, 0.0, 0.0, 0.0], [-3.6, -18.4, 26.9, -0.0, -0.0, 0.0], [-0.0, 0.0, -0.0, 14.8, 0.0, 0.0], [-0.0, 0.0, -0.0, 0.0, 34.8, 0.0], [0.0, 0.0, 0.0, 0.0, 0.0, 34.8]], 'warnings': [], 'nsites': 6}",78.50183076343355,2.1548359766666665,6.0
ZnF2,0,-3.98921936,-2.622365735793333,6,False,"['Zn', 'F']",2,0.0,"{'symprec': 0.1, 'source': 'spglib', 'symbol': 'P4_2/mnm', 'number': 136, 'point_group': '4/mmm', 'crystal_system': 'tetragonal', 'hall': '-P 4n 2n'}",3.4773,4.6748798360575465,1.245e-05,None,"{'G_Reuss': 31.0, 'G_VRH': 35.0, 'G_Voigt': 39.0, 'G_Voigt_Reuss_Hill': 35.0, 'K_Reuss': 96.0, 'K_VRH': 98.0, 'K_Voigt': 100.0, 'K_Voigt_Reuss_Hill': 98.0, 'elastic_anisotropy': 1.37, 'elastic_tensor': [[180.0, 83.0, 83.0, 0.0, 0.0, 0.0], [83.0, 115.0, 82.0, 0.0, 0.0, 0.0], [83.0, 82.0, 115.0, 0.0, 0.0, 0.0], [0.0, 0.0, 0.0, 75.0, 0.0, 0.0], [0.0, 0.0, 0.0, 0.0, 33.0, 0.0], [0.0, 0.0, 0.0, 0.0, 0.0, 33.0]], 'homogeneous_poisson': 0.34, 'poisson_ratio': 0.34, 'universal_anisotropy': 1.37, 'elastic_tensor_original': [[114.95130016444743, 81.93224109455477, 82.87028558883517, 0.0, 0.0, 0.0], [81.93131673959921, 114.95046701108446, 82.86938883000944, 0.0, 0.0, 0.0], [82.60228247933122, 82.60228247933122, 179.77675648994583, 0.0, 0.0, 0.0], [-5.211992610665418e-05, -0.00011195650793968224, 5.5449921385402413e-05, 32.508329544496405, 0.0, 0.0], [5.148659367134949e-05, 4.013660976284794e-05, -3.402328509681256e-05, 0.0, 32.50869603397682, 0.0], [1.2619982371359837e-05, 8.399988266823554e-06, 4.1069942632759835e-05, 0.0, 0.0, 74.67368761265588]], 'compliance_tensor': [[9.1, -3.8, -3.8, 0.0, -0.0, -0.0], [-3.8, 19.3, -11.0, 0.0, 0.0, 0.0], [-3.8, -11.0, 19.3, -0.0, -0.0, -0.0], [0.0, 0.0, -0.0, 13.4, 0.0, 0.0], [-0.0, 0.0, -0.0, 0.0, 30.8, 0.0], [-0.0, 0.0, -0.0, 0.0, 0.0, 30.8]], 'warnings': [], 'nsites': 6}",79.73591618207018,2.07187105,6.0
UO2,0,-10.354888246666668,-3.7606412641666673,3,False,"['U', 'O']",2,0.0,"{'symprec': 0.1, 'source': 'spglib', 'symbol': 'Fm-3m', 'number': 225, 'point_group': 'm-3m', 'crystal_system': 'cubic', 'hall': '-F 4 2 3'}",0.0,11.262541186565187,2.001169,oxide,"{'G_Reuss': 85.0, 'G_VRH': 89.0, 'G_Voigt': 93.0, 'G_Voigt_Reuss_Hill': 89.0, 'K_Reuss': 200.0, 'K_VRH': 200.0, 'K_Voigt': 200.0, 'K_Voigt_Reuss_Hill': 200.0, 'elastic_anisotropy': 0.48, 'elastic_tensor': [[372.0, 114.0, 114.0, 0.0, 0.0, 0.0], [114.0, 372.0, 114.0, 0.0, 0.0, 0.0], [114.0, 114.0, 372.0, 0.0, 0.0, 0.0], [0.0, 0.0, 0.0, 69.0, 0.0, 0.0], [0.0, 0.0, 0.0, 0.0, 69.0, 0.0], [0.0, 0.0, 0.0, 0.0, 0.0, 69.0]], 'homogeneous_poisson': 0.31, 'poisson_ratio': 0.31, 'universal_anisotropy': 0.48, 'elastic_tensor_original': [[373.10405191558834, 114.53097010726195, 114.53097010726195, 0.0, 0.0, 0.0], [114.5796309802161, 373.2647661595687, 114.5796309802161, 0.0, 0.0, 0.0], [112.3859694408731, 112.3859694408731, 370.624162640392, 0.0, 0.0, 0.0], [0.0019440405883205212, -0.0027733541726258654, -0.006638192008898106, 69.40749573129094, 0.0, 0.0], [-0.019659149282733185, 0.0031680742920805628, -0.02195561331104, 0.0, 69.42114346208778, 0.0], [0.05975687475074961, 0.06794826389635616, 0.0009299436147604604, 0.0, 0.0, 69.59588805830366]], 'compliance_tensor': [[3.1, -0.7, -0.7, -0.0, 0.0, 0.0], [-0.7, 3.1, -0.7, 0.0, 0.0, 0.0], [-0.7, -0.7, 3.1, -0.0, 0.0, -0.0], [-0.0, 0.0, -0.0, 14.4, 0.0, 0.0], [0.0, 0.0, 0.0, 0.0, 14.4, 0.0], [0.0, 0.0, -0.0, 0.0, 0.0, 14.4]], 'warnings': ['Contains a rare earth element'], 'nsites': 3}",70.5287793655093,2.34707867,8.0
K2CuF4,0,-4.277134836428571,-2.5625341079657145,28,False,"['Cu', 'F', 'K']",3,0.0,"{'symprec': 0.1, 'source': 'spglib', 'symbol': 'I4_1/acd', 'number': 142, 'point_group': '4/mmm', 'crystal_system': 'tetragonal', 'hall': 'I 4bw 2aw -1bw'}",0.4628,3.1838198231033035,0.982822525,None,,89.99962041250917,2.0589041133333335,6.0
CsNiF3,0,-4.305432273,-2.5508573583002074,10,True,"['Cs', 'Ni', 'F']",3,0.0,"{'symprec': 0.1, 'source': 'spglib', 'symbol': 'P6_3/mmc', 'number': 194, 'point_group': '6/mmm', 'crystal_system': 'hexagonal', 'hall': '-P 6c 2c'}",5.6234,4.488869373147539,1.9999836,None,"{'G_Reuss': 5.0, 'G_VRH': 8.0, 'G_Voigt': 12.0, 'G_Voigt_Reuss_Hill': 8.0, 'K_Reuss': 24.0, 'K_VRH': 25.0, 'K_Voigt': 26.0, 'K_Voigt_Reuss_Hill': 25.0, 'elastic_anisotropy': 7.3, 'elastic_tensor': [[39.0, 17.0, 10.0, 0.0, 0.0, 0.0], [17.0, 39.0, 10.0, 0.0, 0.0, 0.0], [10.0, 10.0, 85.0, 0.0, 0.0, 0.0], [0.0, 0.0, 0.0, 2.0, 0.0, 0.0], [0.0, 0.0, 0.0, 0.0, 2.0, 0.0], [0.0, 0.0, 0.0, 0.0, 0.0, 11.0]], 'homogeneous_poisson': 0.35, 'poisson_ratio': 0.35, 'universal_anisotropy': 7.3, 'elastic_tensor_original': [[38.63173954412541, 16.751012233721703, 9.240899561188671, 0.0, 0.0, 0.0], [15.938609248388431, 39.53461270657, 9.159485650643003, 0.0, 0.0, 0.0], [9.942746959826628, 9.942748600203, 85.22499263703898, 0.0, 0.0, 0.0], [-2.3666660912144083e-07, -3.5666657998169627e-07, 2.0599995001456207e-06, 2.405723062592863, 0.0, 0.0], [1.9463354648580532e-05, 1.966657938819996e-07, 1.7636672146087197e-05, 0.0, 2.3874289881670423, 0.0], [3.8013396903046104e-05, 0.00018132979181448658, 0.00015490993078312723, 0.0, 0.0, 10.864721029637177]], 'compliance_tensor': [[31.9, -13.1, -2.1, -0.0, 0.0, -0.0], [-13.1, 31.9, -2.1, -0.0, -0.0, -0.0], [-2.1, -2.1, 12.2, 0.0, -0.0, 0.0], [-0.0, -0.0, 0.0, 417.3, -0.0, -0.0], [0.0, -0.0, -0.0, -0.0, 417.3, -0.0], [-0.0, -0.0, 0.0, -0.0, -0.0, 90.0]], 'warnings': [], 'nsites': 10}",49.56454082021044,2.19004441,8.0
RbMnF3,0,-5.579504176,-3.0348960173370347,5,True,"['F', 'Mn', 'Rb']",3,0,"{'symprec': 0.1, 'source': 'spglib', 'symbol': 'Pm-3m', 'number': 221, 'point_group': 'm-3m', 'crystal_system': 'cubic', 'hall': '-P 4 2 3'}",3.4282,4.087534151991969,4.9999701,None,,90.0,2.156167,6.0
KCuF3,0,-4.2714094739999995,-2.377158270314,5,False,"['K', 'Cu', 'F']",3,0.0,"{'symprec': 0.1, 'source': 'spglib', 'symbol': 'Pm-3m', 'number': 221, 'point_group': 'm-3m', 'crystal_system': 'cubic', 'hall': '-P 4 2 3'}",0.0,3.936041074451996,1.0017173000000001,None,"{'G_Reuss': 29.0, 'G_VRH': 30.0, 'G_Voigt': 30.0, 'G_Voigt_Reuss_Hill': 30.0, 'K_Reuss': 67.0, 'K_VRH': 67.0, 'K_Voigt': 67.0, 'K_Voigt_Reuss_Hill': 67.0, 'elastic_anisotropy': 0.03, 'elastic_tensor': [[102.0, 49.0, 49.0, 0.0, 0.0, 0.0], [49.0, 102.0, 49.0, 0.0, 0.0, 0.0], [49.0, 49.0, 102.0, 0.0, 0.0, 0.0], [0.0, 0.0, 0.0, 32.0, 0.0, 0.0], [0.0, 0.0, 0.0, 0.0, 32.0, 0.0], [0.0, 0.0, 0.0, 0.0, 0.0, 32.0]], 'homogeneous_poisson': 0.31, 'poisson_ratio': 0.31, 'universal_anisotropy': 0.03, 'elastic_tensor_original': [[106.53825710742632, 53.006248812557025, 53.006248812557025, 0.0, 0.0, 0.0], [49.04948563403523, 103.22482392272707, 49.04948563403523, 0.0, 0.0, 0.0], [44.3123828857614, 44.3123828857614, 96.88066018677453, 0.0, 0.0, 0.0], [-1.0796505099391698, -1.11532468444043, -1.1087114386625485, 31.69478358275524, 0.0, 0.0], [0.0769419288895367, 0.06474609156757184, 0.06460575644496348, 0.0, 31.702533271192678, 0.0], [-0.5599288992004678, -1.3570127068178315, -1.0527322814749303, 0.0, 0.0, 31.62808155159708]], 'compliance_tensor': [[14.146894651727772, -4.570861219623628, -4.570861219623636, 4.068679899460826e-18, -4.132107950304097e-18, 6.059993354579699e-19], [-4.570861219623627, 14.146894651727774, -4.570861219623629, 1.3350839495391837e-18, 1.3350839495391833e-18, -2.469296108203875e-18], [-4.5708612196236365, -4.570861219623629, 14.146894651727772, -6.865703900225734e-18, 1.3350839495391864e-18, 2.6429984171776526e-19], [4.068679899460826e-18, 1.3350839495391831e-18, -6.8657039002257324e-18, 31.5705069416993, -1.1884038846469571e-36, -2.7295451714524473e-38], [-4.132107950304097e-18, 1.3350839495391833e-18, 1.3350839495391858e-18, -1.188403884646957e-36, 31.57050694169932, -1.7700383961076954e-37], [6.0599933545797e-19, -2.4692961082038754e-18, 2.6429984171776545e-19, -2.729545171452454e-38, -1.7700383961076958e-37, 31.570506941699314]], 'warnings': [], 'nsites': 5}",90.0,2.034292,6.0
FeCl2,0,-4.357846226666667,-0.6988465621733333,3,False,"['Fe', 'Cl']",2,0.3237132614814815,"{'symprec': 0.1, 'source': 'spglib', 'symbol': 'R-3m', 'number': 166, 'point_group': '-3m', 'crystal_system': 'trigonal', 'hall': '-R 3 2""'}",0.6777000000000002,2.9329225116852373,3.9200000000000004e-05,None,"{'G_Reuss': 1.0, 'G_VRH': 7.0, 'G_Voigt': 12.0, 'G_Voigt_Reuss_Hill': 7.0, 'K_Reuss': 5.0, 'K_VRH': 11.0, 'K_Voigt': 18.0, 'K_Voigt_Reuss_Hill': 11.0, 'elastic_anisotropy': 37.02, 'elastic_tensor': [[59.0, 16.0, 2.0, -0.0, 0.0, 0.0], [16.0, 59.0, 2.0, 0.0, 0.0, 0.0], [2.0, 2.0, 5.0, 0.0, 0.0, 0.0], [-0.0, 0.0, 0.0, 1.0, 0.0, 0.0], [0.0, 0.0, 0.0, 0.0, 1.0, -0.0], [0.0, 0.0, 0.0, 0.0, -0.0, 22.0]], 'homogeneous_poisson': 0.26, 'poisson_ratio': 0.26, 'universal_anisotropy': 37.02, 'elastic_tensor_original': [[58.737700126725365, 15.16221021258634, 1.6018198372407724, 0.14700804668579248, 0.0, 0.0], [16.108457044203607, 59.282519152802045, 0.46998158864475925, -0.7115470106205901, 0.0, 0.0], [2.007841420093157, 2.007842080938348, 5.096529823194209, 0.0, 0.0, 0.0], [0.009636157522150659, -0.12631573646753327, -0.06087028061673275, 0.7898310293866381, 0.0, 0.0], [-0.05284643020458614, -0.06685508989959038, -0.06542288257126554, -0.02443195135522946, 0.5393501662039806, 0.08878131920440194], [-2.891668129246885e-05, -7.669679539541327e-05, 6.38429807784664e-05, 2.140077856447306e-06, 0.0863857916837286, 21.7563441056866]], 'compliance_tensor': [[18.3, -4.8, -4.0, 5.8, 0.0, 0.0], [-4.8, 18.3, -4.0, -5.8, 0.0, 0.0], [-4.0, -4.0, 198.6, -0.0, 0.0, -0.0], [5.8, -5.8, -0.0, 1507.6, 0.0, 0.0], [-0.0, 0.0, 0.0, 0.0, 1507.6, 11.7], [0.0, 0.0, -0.0, 0.0, 11.7, 46.1]], 'warnings': ['One or more K, G below 2 GPa'], 'nsites': 3}",89.01393489141667,2.4710040900000005,6.0
CdCl2,0,-2.62665707,-1.4886888255066666,3,False,"['Cd', 'Cl']",2,0.0,"{'symprec': 0.1, 'source': 'spglib', 'symbol': 'R-3m', 'number': 166, 'point_group': '-3m', 'crystal_system': 'trigonal', 'hall': '-R 3 2""'}",3.5945,3.611054751454053,4e-06,None,"{'G_Reuss': 1.0, 'G_VRH': 4.0, 'G_Voigt': 7.0, 'G_Voigt_Reuss_Hill': 4.0, 'K_Reuss': 2.0, 'K_VRH': 8.0, 'K_Voigt': 13.0, 'K_Voigt_Reuss_Hill': 8.0, 'elastic_anisotropy': 38.47, 'elastic_tensor': [[42.0, 15.0, 1.0, -0.0, 0.0, 0.0], [15.0, 42.0, 1.0, 0.0, 0.0, 0.0], [1.0, 1.0, 2.0, 0.0, 0.0, 0.0], [-0.0, 0.0, 0.0, 0.0, 0.0, 0.0], [0.0, 0.0, 0.0, 0.0, 0.0, -0.0], [0.0, 0.0, 0.0, 0.0, -0.0, 13.0]], 'homogeneous_poisson': 0.27, 'poisson_ratio': 0.27, 'universal_anisotropy': 38.47, 'elastic_tensor_original': [[41.55978118623657, 15.281894782306814, 1.5222720869915047, 0.034291560576048076, 0.0, 0.0], [15.2938160854488, 41.54773780269916, 1.5211185279665356, -0.04016261595104908, 0.0, 0.0], [0.509117485975589, 0.5091173459268907, 2.3975569678948827, 0.0, 0.0, 0.0], [0.22576087462155262, -0.047570904550298075, 0.027237301399192736, 0.45845523893275286, 0.0, 0.0], [-3.2866767728258447e-06, -1.2266704384997765e-06, 1.4260043847665044e-05, 4.420013590915546e-06, 0.4296032743022074, 0.1683719343863813], [1.993329931152569e-06, -2.873338220413734e-06, -1.102001060324502e-05, 1.963332229756603e-06, 0.07850368947524645, 13.197617665768357]], 'compliance_tensor': [[28.0, -10.1, -7.6, 9.0, 0.0, -0.0], [-10.1, 28.0, -7.6, -9.0, -0.0, -0.0], [-7.6, -7.6, 423.5, -0.0, -0.0, 0.0], [9.0, -9.0, -0.0, 2256.4, -0.0, -0.0], [-0.0, -0.0, -0.0, -0.0, 2256.4, 18.0], [-0.0, -0.0, 0.0, -0.0, 18.0, 76.1]], 'warnings': ['One or more K, G below 2 GPa'], 'nsites': 3}",34.333308901170284,3.8967355649999993,20.0
Y3Al5O12,0,-8.14470846375,-3.6910040265,80,False,"['Y', 'Al', 'O']",3,0,"{'symprec': 0.1, 'source': 'spglib', 'symbol': 'Ia-3d', 'number': 230, 'point_group': 'm-3m', 'crystal_system': 'cubic', 'hall': '-I 4bd 2c 3'}",4.4951,4.420389765262792,0.0,oxide,"{'G_Reuss': 102.0, 'G_VRH': 102.0, 'G_Voigt': 102.0, 'G_Voigt_Reuss_Hill': 102.0, 'K_Reuss': 171.0, 'K_VRH': 171.0, 'K_Voigt': 171.0, 'K_Voigt_Reuss_Hill': 171.0, 'elastic_anisotropy': 0.0, 'elastic_tensor': [[304.0, 104.0, 104.0, 0.0, 0.0, 0.0], [104.0, 304.0, 104.0, 0.0, 0.0, 0.0], [104.0, 104.0, 304.0, 0.0, 0.0, 0.0], [0.0, 0.0, 0.0, 104.0, 0.0, 0.0], [0.0, 0.0, 0.0, 0.0, 104.0, 0.0], [0.0, 0.0, 0.0, 0.0, 0.0, 104.0]], 'homogeneous_poisson': 0.25, 'poisson_ratio': 0.25, 'universal_anisotropy': 0.0, 'elastic_tensor_original': [[304.3237431657177, 103.97316523694815, 103.97316523694815, 0.0, 0.0, 0.0], [103.97321139432088, 304.32405099594325, 103.97321139432088, 0.0, 0.0, 0.0], [103.97315619896624, 103.97315619896624, 304.3240397369783, 0.0, 0.0, 0.0], [-1.6665117099166728e-08, -2.6667095206413545e-08, 1.4599997778108807e-06, 104.01936821049931, 0.0, 0.0], [3.633324293758805e-07, -1.96666751525603e-06, -5.500010308679834e-07, 0.0, 104.01936550383364, 0.0], [1.029999666738585e-06, 2.0899999942346045e-06, 1.0599999164359447e-06, 0.0, 0.0, 104.01937257383138]], 'compliance_tensor': [[4.0, -1.0, -1.0, -0.0, -0.0, 0.0], [-1.0, 4.0, -1.0, 0.0, -0.0, -0.0], [-1.0, -1.0, 4.0, -0.0, 0.0, -0.0], [-0.0, 0.0, -0.0, 9.6, -0.0, -0.0], [-0.0, -0.0, 0.0, -0.0, 9.6, -0.0], [0.0, -0.0, -0.0, -0.0, -0.0, 9.6]], 'warnings': [], 'nsites': 80}",86.86862564782858,1.78449824,4.0
CdTe,0,-2.488466155,-0.4637142999999999,2,False,"['Cd', 'Te']",2,0.0,"{'symprec': 0.1, 'source': 'spglib', 'symbol': 'F-43m', 'number': 216, 'point_group': '-43m', 'crystal_system': 'cubic', 'hall': 'F -4 2 3'}",1.2285,5.472512271905128,0.0,None,"{'G_Reuss': 13.0, 'G_VRH': 14.0, 'G_Voigt': 15.0, 'G_Voigt_Reuss_Hill': 14.0, 'K_Reuss': 35.0, 'K_VRH': 35.0, 'K_Voigt': 35.0, 'K_Voigt_Reuss_Hill': 35.0, 'elastic_anisotropy': 0.8, 'elastic_tensor': [[47.0, 30.0, 30.0, 0.0, 0.0, 0.0], [30.0, 47.0, 30.0, 0.0, 0.0, 0.0], [30.0, 30.0, 47.0, 0.0, 0.0, 0.0], [0.0, 0.0, 0.0, 19.0, 0.0, 0.0], [0.0, 0.0, 0.0, 0.0, 19.0, 0.0], [0.0, 0.0, 0.0, 0.0, 0.0, 19.0]], 'homogeneous_poisson': 0.33, 'poisson_ratio': 0.33, 'universal_anisotropy': 0.8, 'elastic_tensor_original': [[46.53084648897129, 29.69477220231352, 29.69477220231352, 0.0, 0.0, 0.0], [29.694614794263618, 46.530552054759674, 29.694614794263618, 0.0, 0.0, 0.0], [29.69497227609483, 29.69497227609483, 46.53070938233825, 0.0, 0.0, 0.0], [-1.810998879647006e-05, 1.385665809445245e-05, 7.209662206431565e-05, 18.6375314766661, 0.0, 0.0], [7.209328873333515e-05, -2.4429984886544725e-05, 1.7443322542003284e-05, 0.0, 18.637558263316198, 0.0], [-1.6899989544201073e-06, -3.243997993118578e-05, -7.520328680927652e-05, 0.0, 0.0, 18.63753904999475]], 'compliance_tensor': [[42.7, -16.7, -16.7, 0.0, -0.0, 0.0], [-16.7, 42.7, -16.7, 0.0, 0.0, -0.0], [-16.7, -16.7, 42.7, -0.0, -0.0, 0.0], [0.0, 0.0, -0.0, 53.7, 0.0, -0.0], [-0.0, 0.0, -0.0, 0.0, 53.7, -0.0], [0.0, -0.0, 0.0, -0.0, -0.0, 53.7]], 'warnings': [], 'nsites': 2}",109.47122063449068,2.87046199,4.0
Mn2SiS4,0,-6.334084351785713,-0.9571181999014776,28,False,"['Mn', 'S', 'Si']",3,0.026799481071432932,"{'symprec': 0.1, 'source': 'spglib', 'symbol': 'Pnma', 'number': 62, 'point_group': 'mmm', 'crystal_system': 'orthorhombic', 'hall': '-P 2ac 2n'}",0.3543000000000003,3.132343698087073,9.999999975,None,,79.57957498734524,2.6147672233333332,6.0
Mn2SiSe4,0,-5.815721162142857,-0.39758133659790623,28,False,"['Mn', 'Se', 'Si']",3,0,"{'symprec': 0.1, 'source': 'spglib', 'symbol': 'Pnma', 'number': 62, 'point_group': 'mmm', 'crystal_system': 'orthorhombic', 'hall': '-P 2ac 2n'}",0.0,4.568849281864373,0.105318025,None,,82.25320079814469,2.7396815516666666,6.0
NiTa2O6,0,-8.38688112888889,-2.5196178875000004,18,True,"['Ni', 'O', 'Ta']",3,0.31788582555554434,"{'symprec': 0.1, 'source': 'spglib', 'symbol': 'P4_2/mnm', 'number': 136, 'point_group': '4/mmm', 'crystal_system': 'tetragonal', 'hall': '-P 4n 2n'}",0.0,8.190209818476813,0.00090175,oxide,,81.09417873414314,2.1059007966666665,6.0
NiSb2O6,0,-5.914055456111112,-1.7642983691666672,36,True,"['Ni', 'O', 'Sb']",3,0,"{'symprec': 0.1, 'source': 'spglib', 'symbol': 'P4_2/mnm', 'number': 136, 'point_group': 'mmm', 'crystal_system': 'tetragonal', 'hall': '-P 4n 2n'}",0.0,6.341142555487032,1.25e-07,oxide,,78.80625144570018,2.0693658750000004,6.0
CoTa2O6,0,-8.997250827222222,-2.9501546974999986,36,True,"['Co', 'O', 'Ta']",3,0,"{'symprec': 0.1, 'source': 'spglib', 'symbol': 'P4_2/mnm', 'number': 136, 'point_group': 'mmm', 'crystal_system': 'tetragonal', 'hall': '-P 4n 2n'}",2.0382,8.075397481002778,7.25e-07,oxide,,81.07735185942393,2.1317020566666667,6.0
CoSb2O6,0,-6.180164377222222,-1.8505744019444448,36,True,"['Co', 'O', 'Sb']",3,0,"{'symprec': 0.1, 'source': 'spglib', 'symbol': 'P4_2/mnm', 'number': 136, 'point_group': 'mmm', 'crystal_system': 'tetragonal', 'hall': '-P 4n 2n'}",0.0,6.288801628503175,1.175e-06,oxide,,78.31094502112441,2.083600433333333,6.0
CuSb2O6,0,-5.852087063888888,-1.6486205469444444,18,False,"['Cu', 'O', 'Sb']",3,0.0,"{'symprec': 0.1, 'source': 'spglib', 'symbol': 'P4_2/mnm', 'number': 136, 'point_group': '4/mmm', 'crystal_system': 'tetragonal', 'hall': '-P 4n 2n'}",0.0,6.359223720198138,0.82361125,oxide,,78.58358191523448,2.0778247833333334,6.0
ZnSb2O6,0,-5.7828819877777775,-1.8949428113888889,18,False,"['O', 'Sb', 'Zn']",3,0.0,"{'symprec': 0.1, 'source': 'spglib', 'symbol': 'P4_2/mnm', 'number': 136, 'point_group': '4/mmm', 'crystal_system': 'tetragonal', 'hall': '-P 4n 2n'}",0.5575999999999999,6.323802653276298,0.00040945,oxide,,78.64235052903962,2.1017426933333336,6.0
Co3V2O8,0,-6.590042365,-1.9236174461538469,26,True,"['Co', 'O', 'V']",3,0.2967745530769239,"{'symprec': 0.1, 'source': 'spglib', 'symbol': 'Cmce', 'number': 64, 'point_group': 'mmm', 'crystal_system': 'orthorhombic', 'hall': '-C 2bc 2'}",0.0,4.531680494512483,4.12851165,oxide,,80.04393591335236,2.1019937266666666,6.0
NaV2O5,0,-7.085947264375,-2.41828942828125,32,True,"['Na', 'O', 'V']",3,0.005777175000042156,"{'symprec': 0.1, 'source': 'spglib', 'symbol': 'Pnma', 'number': 62, 'point_group': 'mmm', 'crystal_system': 'orthorhombic', 'hall': '-P 2ac 2n'}",0.9298,3.0473398680040926,0.9977799,oxide,,74.49621056852497,1.850641906,5.0
LiCu2O2,0,-4.958047945,-1.2383145188333329,20,False,"['Cu', 'Li', 'O']",3,0.004623961500000107,"{'symprec': 0.1, 'source': 'spglib', 'symbol': 'Pnma', 'number': 62, 'point_group': 'mmm', 'crystal_system': 'orthorhombic', 'hall': '-P 2ac 2n'}",0.0,5.30034763433396,0.9999724,oxide,,87.59428942013044,1.998188475,4.0
FeMn2O4,0,-7.393130048571429,-2.010176969461478,14,True,"['Fe', 'Mn', 'O']",3,0.013832502857141549,"{'symprec': 0.1, 'source': 'spglib', 'symbol': 'Imma', 'number': 74, 'point_group': 'mmm', 'crystal_system': 'orthorhombic', 'hall': '-I 2b 2'}",0.0,4.692770188991876,4.0,oxide,,83.75791811959445,2.057364145,4.0
CuFeO2,0,-6.02989909875,-1.4481904368749996,8,True,"['Fe', 'Cu', 'O']",3,0.0,"{'symprec': 0.1, 'source': 'spglib', 'symbol': 'R-3m', 'number': 166, 'point_group': '2/m', 'crystal_system': 'trigonal', 'hall': '-R 3 2""'}",0.8467000000000002,5.361834384134854,5e-08,oxide,"{'G_Reuss': 41.0, 'G_VRH': 50.0, 'G_Voigt': 60.0, 'G_Voigt_Reuss_Hill': 50.0, 'K_Reuss': 133.0, 'K_VRH': 143.0, 'K_Voigt': 154.0, 'K_Voigt_Reuss_Hill': 143.0, 'elastic_anisotropy': 2.4, 'elastic_tensor': [[201.0, 69.0, 105.0, -0.0, 0.0, 0.0], [69.0, 201.0, 105.0, 0.0, 0.0, 0.0], [105.0, 105.0, 425.0, 0.0, 0.0, 0.0], [-0.0, 0.0, 0.0, 25.0, 0.0, 0.0], [0.0, 0.0, 0.0, 0.0, 25.0, -0.0], [0.0, 0.0, 0.0, 0.0, -0.0, 66.0]], 'homogeneous_poisson': 0.34, 'poisson_ratio': 0.34, 'universal_anisotropy': 2.4, 'elastic_tensor_original': [[200.85767327665758, 68.79932180582371, 103.36351020169771, 0.28117013653962747, 0.0, 0.0], [69.26890754735085, 201.5970516242702, 103.54297524678002, -0.9729339561300988, 0.0, 0.0], [107.12512694885271, 107.12518036701593, 424.8994163536602, 0.0, 0.0, 0.0], [-0.24340471281380208, 0.26538915947565234, -0.012643523001718053, 24.658330592978764, 0.0, 0.0], [-1.189029217373919e-05, 6.526197546869842e-06, 4.2193107762231905e-05, 4.431359176711272e-05, 24.581510141033384, -0.26571451524135775], [0.00022563057222126982, 0.000295224025563988, 0.00035660079463118236, 7.251693988243664e-05, 0.04937495339975892, 65.87887470624754]], 'compliance_tensor': [[6.1, -1.5, -1.1, 0.0, -0.0, 0.0], [-1.5, 6.1, -1.1, -0.0, 0.0, 0.0], [-1.1, -1.1, 2.9, -0.0, 0.0, -0.0], [0.0, -0.0, -0.0, 40.6, 0.0, 0.0], [-0.0, 0.0, 0.0, 0.0, 40.6, 0.0], [0.0, 0.0, -0.0, 0.0, 0.0, 15.2]], 'warnings': [], 'nsites': 8}",82.87463149632397,2.0480106399999998,6.0
MnFe2O4,0,-7.116960162857143,-1.9832298379450264,14,True,"['Mn', 'Fe', 'O']",3,0.0,"{'symprec': 0.1, 'source': 'spglib', 'symbol': 'Fd-3m', 'number': 227, 'point_group': 'm-3m', 'crystal_system': 'cubic', 'hall': 'F 4d 2 3 -1d'}",1.2202999999999995,4.774578315523657,5.00000085,oxide,"{'G_Reuss': 55.0, 'G_VRH': 59.0, 'G_Voigt': 62.0, 'G_Voigt_Reuss_Hill': 59.0, 'K_Reuss': 158.0, 'K_VRH': 158.0, 'K_Voigt': 158.0, 'K_Voigt_Reuss_Hill': 158.0, 'elastic_anisotropy': 0.63, 'elastic_tensor': [[209.0, 132.0, 132.0, 0.0, 0.0, 0.0], [132.0, 209.0, 132.0, 0.0, 0.0, 0.0], [132.0, 132.0, 209.0, 0.0, 0.0, 0.0], [0.0, 0.0, 0.0, 78.0, 0.0, 0.0], [0.0, 0.0, 0.0, 0.0, 78.0, 0.0], [0.0, 0.0, 0.0, 0.0, 0.0, 78.0]], 'homogeneous_poisson': 0.33, 'poisson_ratio': 0.33, 'universal_anisotropy': 0.63, 'elastic_tensor_original': [[209.28586999430058, 132.30160719222616, 132.30160719222616, 0.0, 0.0, 0.0], [132.30379809896152, 209.27430223644726, 132.30379809896152, 0.0, 0.0, 0.0], [132.34757567666762, 132.34757567666762, 209.36680853980388, 0.0, 0.0, 0.0], [8.050667117512721e-05, -2.7766668221920903e-05, -8.842000495323384e-05, 78.43737516675777, 0.0, 0.0], [-4.2860002400386584e-05, 1.8646667710489256e-05, -7.368000412750628e-05, 0.0, 78.43737849675796, 0.0], [6.919000387553129e-05, 0.00011382000637444697, -3.882000217518704e-05, 0.0, 0.0, 78.4372282800829]], 'compliance_tensor': [[9.4, -3.6, -3.6, -0.0, 0.0, 0.0], [-3.6, 9.4, -3.6, 0.0, 0.0, -0.0], [-3.6, -3.6, 9.4, -0.0, -0.0, 0.0], [-0.0, 0.0, -0.0, 12.7, 0.0, -0.0], [0.0, 0.0, -0.0, 0.0, 12.7, 0.0], [0.0, -0.0, 0.0, -0.0, 0.0, 12.7]], 'warnings': [], 'nsites': 14}",84.1560949511721,2.0589033783333335,6.0
CoFe2O4,0,-6.56783053142857,-1.755034281428571,14,True,"['Co', 'Fe', 'O']",3,0.010229785357152466,"{'symprec': 0.1, 'source': 'spglib', 'symbol': 'Fd-3m', 'number': 227, 'point_group': 'm-3m', 'crystal_system': 'cubic', 'hall': 'F 4d 2 3 -1d'}",1.5511,4.963446288997631,12.999962599999998,oxide,,28.8083696831248,3.133622436153846,26.0
ZnCr2Se4,0,-5.530514441428571,-0.5949142334821421,14,False,"['Zn', 'Cr', 'Se']",3,0,"{'symprec': 0.1, 'source': 'spglib', 'symbol': 'Fd-3m', 'number': 227, 'point_group': 'm-3m', 'crystal_system': 'cubic', 'hall': 'F 4d 2 3 -1d'}",0.049100000000000144,5.405418922307757,5.99503375,None,"{'G_Reuss': 30.0, 'G_VRH': 31.0, 'G_Voigt': 32.0, 'G_Voigt_Reuss_Hill': 31.0, 'K_Reuss': 69.0, 'K_VRH': 69.0, 'K_Voigt': 69.0, 'K_Voigt_Reuss_Hill': 69.0, 'elastic_anisotropy': 0.26, 'elastic_tensor': [[100.0, 53.0, 53.0, 0.0, 0.0, 0.0], [53.0, 100.0, 53.0, 0.0, 0.0, 0.0], [53.0, 53.0, 100.0, 0.0, 0.0, 0.0], [0.0, 0.0, 0.0, 38.0, 0.0, 0.0], [0.0, 0.0, 0.0, 0.0, 38.0, 0.0], [0.0, 0.0, 0.0, 0.0, 0.0, 38.0]], 'homogeneous_poisson': 0.3, 'poisson_ratio': 0.3, 'universal_anisotropy': 0.26, 'elastic_tensor_original': [[100.48216029868918, 53.24443842980963, 53.24443842980963, 0.0, 0.0, 0.0], [53.24465124627243, 100.48139376827858, 53.24465124627243, 0.0, 0.0, 0.0], [53.24558327527683, 53.24558327527683, 100.47869419019803, 0.0, 0.0, 0.0], [-2.557666623269408e-05, -2.3249999605407912e-05, -1.4766666421464093e-06, 37.50021360693948, 0.0, 0.0], [4.880666583835699e-05, 3.641666604862497e-05, 9.748333167892003e-05, 0.0, 37.50022188027268, 0.0], [-3.0029999490328396e-05, -2.1989999627214455e-05, -4.45333325776597e-05, 0.0, 0.0, 37.50024043693904]], 'compliance_tensor': [[15.7, -5.4, -5.4, 0.0, 0.0, -0.0], [-5.4, 15.7, -5.4, -0.0, 0.0, 0.0], [-5.4, -5.4, 15.7, 0.0, -0.0, 0.0], [0.0, -0.0, 0.0, 26.7, -0.0, -0.0], [0.0, 0.0, -0.0, -0.0, 26.7, -0.0], [-0.0, 0.0, 0.0, -0.0, -0.0, 26.7]], 'warnings': [], 'nsites': 14}",28.787608463974976,3.880688019230769,26.0
CaIrO3,0,-6.8271755579999995,-2.11219764575,10,False,"['Ca', 'Ir', 'O']",3,0.0,"{'symprec': 0.1, 'source': 'spglib', 'symbol': 'Cmcm', 'number': 63, 'point_group': 'mmm', 'crystal_system': 'orthorhombic', 'hall': '-C 2c 2'}",0.0,7.947016707502001,0.00968095,oxide,"{'G_Reuss': 68.0, 'G_VRH': 74.0, 'G_Voigt': 79.0, 'G_Voigt_Reuss_Hill': 74.0, 'K_Reuss': 159.0, 'K_VRH': 161.0, 'K_Voigt': 164.0, 'K_Voigt_Reuss_Hill': 161.0, 'elastic_anisotropy': 0.86, 'elastic_tensor': [[317.0, 117.0, 64.0, 0.0, 0.0, 0.0], [117.0, 222.0, 88.0, 0.0, 0.0, 0.0], [64.0, 88.0, 395.0, 0.0, 0.0, 0.0], [0.0, 0.0, 0.0, 68.0, 0.0, 0.0], [0.0, 0.0, 0.0, 0.0, 48.0, 0.0], [0.0, 0.0, 0.0, 0.0, 0.0, 59.0]], 'homogeneous_poisson': 0.3, 'poisson_ratio': 0.3, 'universal_anisotropy': 0.86, 'elastic_tensor_original': [[317.0229057378451, 133.73234138955524, 73.5209960772645, -1.3600054324981493e-05, 0.0, 0.0], [101.10279223582441, 221.52461706473764, 95.36685761048386, -2.2400207076733936e-05, 0.0, 0.0], [55.40047485882523, 80.31281060269146, 394.8507292071463, -1.6200319517515643e-05, 0.0, 0.0], [0.0, 0.0, -1.3702175734876423e-05, 67.55617264808625, 0.0, 0.0], [0.0, 0.0, 0.0, 0.0, 48.32250601227156, 1.1999951206107703e-06], [0.0, 0.0, 0.0, 0.0, -6.000031624659622e-06, 59.03775987800033]], 'compliance_tensor': [[3.93861452507549, -2.0099773328824817, -0.19584594332236754, 4.0767636139112195e-07, 0.0, 0.0], [-2.0099773328824813, 5.976643867974572, -1.0014487994471388, -1.212220848215441e-06, 0.0, 0.0], [-0.19584594332236763, -1.0014487994471386, 2.787360864610084, -1.2980479351591192e-06, 0.0, 0.0], [4.0767636139112206e-07, -1.212220848215441e-06, -1.2980479351591194e-06, 14.802496364162291, 0.0, 0.0], [0.0, 0.0, 0.0, 0.0, 20.69429097377659, -1.7177679870179007e-06], [0.0, 0.0, 0.0, 0.0, -1.7177679870179007e-06, 16.938312057680687]], 'warnings': [], 'nsites': 10}",77.5262527124552,2.0416379466666665,6.0
ZnCr2O4,0,-7.078907656428571,-2.2900194535714284,14,True,"['Cr', 'O', 'Zn']",3,0.0,"{'symprec': 0.1, 'source': 'spglib', 'symbol': 'Fd-3m', 'number': 227, 'point_group': 'm-3m', 'crystal_system': 'cubic', 'hall': 'F 4d 2 3 -1d'}",2.6233,5.0865406679760525,5.3e-05,oxide,,84.4142381394397,2.0281576233333336,6.0
CuCr2O4,0,-7.144673482142857,-1.95010727,14,True,"['Cr', 'Cu', 'O']",3,0.02242285499999141,"{'symprec': 0.1, 'source': 'spglib', 'symbol': 'Fd-3m', 'number': 227, 'point_group': 'm-3m', 'crystal_system': 'cubic', 'hall': 'F 4d 2 3 -1d'}",0.0,5.095729605156711,5.00168365,oxide,,83.97173874409786,2.01626936,6.0
Cs2CuCl4,0,-3.272732128214286,-1.7148156537717243,28,False,"['Cl', 'Cs', 'Cu']",3,0,"{'symprec': 0.1, 'source': 'spglib', 'symbol': 'Pnma', 'number': 62, 'point_group': 'mmm', 'crystal_system': 'orthorhombic', 'hall': '-P 2ac 2n'}",0.3837,3.2581715258721373,1.0016976,None,,97.8359610163782,2.2610733375,4.0
SrCu2(BO3)2,0,-6.713488172727272,-2.2843364737121203,22,False,"['B', 'Cu', 'O', 'Sr']",4,0.05453674681818388,"{'symprec': 0.1, 'source': 'spglib', 'symbol': 'I4/mcm', 'number': 140, 'point_group': '4/mmm', 'crystal_system': 'tetragonal', 'hall': '-I 4 2c'}",0.0,3.887595811638607,0.00042415,oxide,,36.485031193129814,2.030293932,5.0
ZnSO4,0,-5.603249289583334,-1.9840638984375,24,False,"['Zn', 'S', 'O']",3,0.0,"{'symprec': 0.1, 'source': 'spglib', 'symbol': 'Pnma', 'number': 62, 'point_group': 'mmm', 'crystal_system': 'orthorhombic', 'hall': '-P 2ac 2n'}",3.8233,3.7224538487079135,0.0,oxide,"{'G_Reuss': 31.0, 'G_VRH': 32.0, 'G_Voigt': 33.0, 'G_Voigt_Reuss_Hill': 32.0, 'K_Reuss': 65.0, 'K_VRH': 68.0, 'K_Voigt': 71.0, 'K_Voigt_Reuss_Hill': 68.0, 'elastic_anisotropy': 0.51, 'elastic_tensor': [[96.0, 44.0, 33.0, 0.0, 0.0, 0.0], [44.0, 158.0, 62.0, 0.0, 0.0, 0.0], [33.0, 62.0, 109.0, 0.0, 0.0, 0.0], [0.0, 0.0, 0.0, 41.0, 0.0, 0.0], [0.0, 0.0, 0.0, 0.0, 20.0, 0.0], [0.0, 0.0, 0.0, 0.0, 0.0, 30.0]], 'homogeneous_poisson': 0.3, 'poisson_ratio': 0.3, 'universal_anisotropy': 0.51, 'elastic_tensor_original': [[109.25258204782676, 33.32064925622034, 59.929274209615016, 0.0, 0.0, 0.0], [32.452729877011315, 95.73805614319318, 42.505488649872554, 0.0, 0.0, 0.0], [63.499505585678676, 44.51338489033032, 158.03046061251067, 0.0, 0.0, 0.0], [-0.02521130631544649, -0.02156930645990024, -0.02109720280887302, 30.205033258922708, 0.0, 0.0], [0.014560660235480905, 0.00981875526808846, 0.046585503323240456, 0.0, 40.96893079487898, 0.0], [-0.00621077983957568, -0.09816023021816192, 0.013192247763507301, 0.0, 0.0, 20.420582103263303]], 'compliance_tensor': [[12.4, -2.5, -2.3, 0.0, 0.0, 0.0], [-2.5, 8.6, -4.1, 0.0, 0.0, 0.0], [-2.3, -4.1, 12.2, 0.0, 0.0, 0.0], [0.0, 0.0, 0.0, 24.4, 0.0, 0.0], [0.0, 0.0, 0.0, 0.0, 49.0, 0.0], [0.0, 0.0, 0.0, 0.0, 0.0, 33.1]], 'warnings': [], 'nsites': 24}",75.33006043338496,2.158609436666667,6.0
Cu3BiO2(SeO3)2Cl,0,-5.081631088,-1.188628816529834,30,False,"['Bi', 'Cl', 'Cu', 'O', 'Se']",5,0.023870630916672297,"{'symprec': 0.1, 'source': 'spglib', 'symbol': 'Pmmn', 'number': 59, 'point_group': 'mmm', 'crystal_system': 'orthorhombic', 'hall': 'P 2 2ab -1ab'}",0.0,5.218942188985635,0.27944235,oxide,,81.06779565866451,1.9712507949999998,4.0
Cu2OSeO3,0,-5.1473459096428575,-1.0506335249776788,56,False,"['Cu', 'O', 'Se']",3,0.014324768392851794,"{'symprec': 0.1, 'source': 'spglib', 'symbol': 'P2_13', 'number': 198, 'point_group': '23', 'crystal_system': 'cubic', 'hall': 'P 2ac 2ab 3'}",0.2421000000000002,4.869702016396596,1.0086176875,oxide,,75.4167809655359,2.05108287,5.0
Cu3Mo2O9,0,-6.178289470714287,-1.5255837915178572,28,True,"['Cu', 'Mo', 'O']",3,0.03498419749999737,"{'symprec': 0.1, 'source': 'spglib', 'symbol': 'P-1', 'number': 2, 'point_group': '-1', 'crystal_system': 'triclinic', 'hall': '-P 1'}",0.0,4.524806245306848,0.005231,oxide,,80.25897025987784,1.94715868,4.0
MnCl2H8O4,0,-4.837568303666667,-1.311627407739678,60,True,"['Cl', 'H', 'Mn', 'O']",4,0.1457356176666682,"{'symprec': 0.1, 'source': 'spglib', 'symbol': 'P2_1/c', 'number': 14, 'point_group': '2/m', 'crystal_system': 'monoclinic', 'hall': '-P 2ybc'}",3.8786,1.9962185715465208,3.00086665,hydroxide,,15.355380682612653,2.625235642142857,14.0
Cu3(CO3)2(OH)2,0,-6.1001804696666655,-1.3537833548159994,30,False,"['C', 'Cu', 'H', 'O']",4,0.01626424933333404,"{'symprec': 0.1, 'source': 'spglib', 'symbol': 'P2_1/c', 'number': 14, 'point_group': '2/m', 'crystal_system': 'monoclinic', 'hall': '-P 2ybc'}",0.0,3.569560923456768,1.48639935,hydroxide,,82.38264716701488,1.9852587224999996,4.0
CuGeO3,0,-5.9048465085,-1.6141035672499997,80,False,"['Cu', 'Ge', 'O']",3,0.019522037500001588,"{'symprec': 0.1, 'source': 'spglib', 'symbol': 'Cmce', 'number': 64, 'point_group': 'mmm', 'crystal_system': 'orthorhombic', 'hall': '-C 2bc 2'}",0.0,4.710947120363704,4.6875e-05,oxide,,78.65176117759859,1.948197505,4.0
TlCuCl3,0,-3.096447892,-1.051965387956,5,False,"['Tl', 'Cu', 'Cl']",3,0.016269679999998843,"{'symprec': 0.1, 'source': 'spglib', 'symbol': 'Pm-3m', 'number': 221, 'point_group': 'm-3m', 'crystal_system': 'cubic', 'hall': '-P 4 2 3'}",0.0,5.392004965216247,0.0042832,None,"{'G_Reuss': 17.0, 'G_VRH': 18.0, 'G_Voigt': 18.0, 'G_Voigt_Reuss_Hill': 18.0, 'K_Reuss': 39.0, 'K_VRH': 39.0, 'K_Voigt': 39.0, 'K_Voigt_Reuss_Hill': 39.0, 'elastic_anisotropy': 0.11, 'elastic_tensor': [[59.0, 30.0, 30.0, 0.0, 0.0, 0.0], [30.0, 59.0, 30.0, 0.0, 0.0, 0.0], [30.0, 30.0, 59.0, 0.0, 0.0, 0.0], [0.0, 0.0, 0.0, 20.0, 0.0, 0.0], [0.0, 0.0, 0.0, 0.0, 20.0, 0.0], [0.0, 0.0, 0.0, 0.0, 0.0, 20.0]], 'homogeneous_poisson': 0.31, 'poisson_ratio': 0.31, 'universal_anisotropy': 0.11, 'elastic_tensor_original': [[58.957924067591186, 29.63496535682717, 29.63496535682717, 0.0, 0.0, 0.0], [29.62922445635659, 58.95093945962088, 29.62922445635659, 0.0, 0.0, 0.0], [29.636409838029294, 29.636409838029294, 58.95888041329583, 0.0, 0.0, 0.0], [0.0003871134370922933, 0.0004740401270586001, 0.0005510334810282766, 19.713313423804504, 0.0, 0.0], [-2.2066672580513997e-05, -9.866669309497195e-07, 5.44233479209286e-05, 0.0, 19.713308833803268, 0.0], [0.0005242568071845784, 0.000466383458339335, 0.0004767701277899648, 0.0, 0.0, 19.713281970462734]], 'compliance_tensor': [[25.6, -8.5, -8.5, 0.0, -0.0, -0.0], [-8.5, 25.6, -8.5, -0.0, 0.0, -0.0], [-8.5, -8.5, 25.6, -0.0, 0.0, 0.0], [0.0, -0.0, -0.0, 50.7, -0.0, -0.0], [-0.0, 0.0, 0.0, -0.0, 50.7, 0.0], [-0.0, -0.0, 0.0, -0.0, 0.0, 50.7]], 'warnings': [], 'nsites': 5}",90.0,2.4333525,6.0
K2V3O8,0,-6.945634226538462,-2.4543119069999997,26,True,"['K', 'O', 'V']",3,0,"{'symprec': 0.1, 'source': 'spglib', 'symbol': 'P4bm', 'number': 100, 'point_group': '4mm', 'crystal_system': 'tetragonal', 'hall': 'P 4 -2ab'}",2.0485,2.6587944557574033,0.9945168,oxide,,85.07676851300667,1.7465662025000002,4.0
Cu3B2O6,0,-6.4095095502272725,-1.761291904242424,132,False,"['B', 'Cu', 'O']",3,0.04452171492424117,"{'symprec': 0.1, 'source': 'spglib', 'symbol': 'P2_1', 'number': 4, 'point_group': '2', 'crystal_system': 'monoclinic', 'hall': 'P 2yb'}",0.042100000000000026,4.243977526886785,0.3159845,oxide,,35.08232988788329,1.9086156,4.0
MnCO3,0,-7.914560827000001,-2.025636317873034,10,True,"['Mn', 'C', 'O']",3,0.0,"{'symprec': 0.1, 'source': 'spglib', 'symbol': 'R-3c', 'number': 167, 'point_group': '-3m', 'crystal_system': 'trigonal', 'hall': '-R 3 2""c'}",3.2519,3.5592329972714123,0.0,oxide,"{'G_Reuss': 41.0, 'G_VRH': 44.0, 'G_Voigt': 47.0, 'G_Voigt_Reuss_Hill': 44.0, 'K_Reuss': 95.0, 'K_VRH': 99.0, 'K_Voigt': 104.0, 'K_Voigt_Reuss_Hill': 99.0, 'elastic_anisotropy': 0.8, 'elastic_tensor': [[199.0, 83.0, 65.0, 14.0, 0.0, 0.0], [83.0, 199.0, 65.0, -14.0, 0.0, 0.0], [65.0, 65.0, 114.0, 0.0, 0.0, 0.0], [14.0, -14.0, 0.0, 38.0, 0.0, 0.0], [0.0, 0.0, 0.0, 0.0, 38.0, 14.0], [0.0, 0.0, 0.0, 0.0, 14.0, 58.0]], 'homogeneous_poisson': 0.31, 'poisson_ratio': 0.31, 'universal_anisotropy': 0.8, 'elastic_tensor_original': [[199.03403945205204, 82.38028448366269, 64.64365579597764, -14.227615287890792, 0.0, 0.0], [82.74796927477678, 199.55204291564885, 64.66018386304799, 14.184836958127754, 0.0, 0.0], [64.9438367985032, 64.94382117949594, 113.90747963552793, 0.0, 0.0, 0.0], [-14.302388290115623, 13.800870732262608, -0.25557686856345996, 38.49928734002998, 0.0, 0.0], [-2.638785443797397e-05, -0.0002706612520120726, -0.0001064333795400304, 2.6596730299816034e-05, 38.433814268549725, -14.17714746146599], [-0.0005365028743914468, -0.00020998437066151957, -0.0007165077715666217, 1.7790033594575117e-05, -14.31945212112068, 57.68269808545456]], 'compliance_tensor': [[7.1, -2.3, -2.7, -3.5, -0.0, -0.0], [-2.3, 7.1, -2.7, 3.5, 0.0, -0.0], [-2.7, -2.7, 11.9, -0.0, -0.0, 0.0], [-3.5, 3.5, -0.0, 28.6, -0.0, 0.0], [-0.0, 0.0, -0.0, -0.0, 28.6, -7.0], [-0.0, -0.0, 0.0, 0.0, -7.0, 18.9]], 'warnings': [], 'nsites': 10}",88.12635861915379,2.22576093,6.0
CoCO3,0,-7.167458739,-1.7278419347500005,10,True,"['C', 'Co', 'O']",3,0.0,"{'symprec': 0.1, 'source': 'spglib', 'symbol': 'R-3c', 'number': 167, 'point_group': '-3m', 'crystal_system': 'trigonal', 'hall': '-R 3 2""c'}",0.0,4.085579614571064,0.0003975,oxide,,88.7213979559416,2.1324933133333333,6.0
GdVO4,0,-9.5938746175,-3.1840179033333342,12,True,"['Gd', 'O', 'V']",3,0,"{'symprec': 0.1, 'source': 'spglib', 'symbol': 'I4_1/amd', 'number': 141, 'point_group': '4/mmm', 'crystal_system': 'tetragonal', 'hall': 'I 4bw 2bw -1bw'}",2.9747,5.29146496847342,7.00000005,oxide,,32.58248815507051,2.580043568,10.0
ErVO4,0,-8.0452388925,-3.2201650849999988,12,True,"['Er', 'O', 'V']",3,0.0,"{'symprec': 0.1, 'source': 'spglib', 'symbol': 'I4_1/amd', 'number': 141, 'point_group': '4/mmm', 'crystal_system': 'tetragonal', 'hall': 'I 4bw 2bw -1bw'}",2.9667,5.791542545462398,6.15e-06,oxide,,33.11100243862052,2.523999208,10.0
NiCl2S4C4N8H16,0,-5.520992116285714,-0.5340742138851429,35,False,"['C', 'Cl', 'H', 'N', 'Ni', 'S']",6,0.06962287536192767,"{'symprec': 0.1, 'source': 'spglib', 'symbol': 'I4', 'number': 79, 'point_group': '4', 'crystal_system': 'tetragonal', 'hall': 'I 4'}",0.0,1.6958945641334642,0.8924953999999999,None,,49.08009166975849,2.6778763220000004,10.0
BiCu2PO6,0,-6.05580098625,-1.7585901468571428,40,False,"['Bi', 'Cu', 'O', 'P']",4,0.07830513274999795,"{'symprec': 0.1, 'source': 'spglib', 'symbol': 'Pnma', 'number': 62, 'point_group': 'mmm', 'crystal_system': 'orthorhombic', 'hall': '-P 2ac 2n'}",0.0,6.265433241092246,0.0115363,oxide,,77.92525015359377,2.07107917,5.0
Cu2Te2O5Br2,0,-4.605541155,-1.0612506437500002,22,False,"['Br', 'Cu', 'O', 'Te']",4,0.016362032499998236,"{'symprec': 0.1, 'source': 'spglib', 'symbol': 'P-4', 'number': 81, 'point_group': '-4', 'crystal_system': 'tetragonal', 'hall': 'P -4'}",0.06110000000000016,5.049402621508427,2.00042885,oxide,,73.05858257975598,2.187997154,5.0
(CH3)2NH2MnCl3,0,-4.924031463166667,-0.5742204952183443,60,False,"['C', 'Cl', 'H', 'Mn', 'N']",5,0.1940630114999955,"{'symprec': 0.1, 'source': 'spglib', 'symbol': 'P2_1/c', 'number': 14, 'point_group': '2/m', 'crystal_system': 'monoclinic', 'hall': '-P 2ybc'}",0.17900000000000005,1.7818287750308588,0.7693856,None,,81.68884970670244,2.563033406666667,6.0
CoCs3Cl5,0,-3.677159803888889,-1.8922953822325668,18,False,"['Cl', 'Co', 'Cs']",3,0,"{'symprec': 0.1, 'source': 'spglib', 'symbol': 'I4/mcm', 'number': 140, 'point_group': '4/mmm', 'crystal_system': 'tetragonal', 'hall': '-I 4 2c'}",0.7776000000000001,3.2195612069678927,3.0007080000000004,None,,105.69518404112698,2.2623844474999997,4.0
BaCo2(AsO4)2,0,-6.300547974230769,-2.0182444134615385,26,True,"['As', 'Ba', 'Co', 'O']",4,0.0,"{'symprec': 0.1, 'source': 'spglib', 'symbol': 'R-3', 'number': 148, 'point_group': '-1', 'crystal_system': 'trigonal', 'hall': '-R 3'}",2.1224000000000003,4.927508804102777,9.000000000000001e-07,oxide,,85.88085218468977,2.101930363333333,6.0
CuB2O4,0,-7.2146898280952385,-2.2945969954761902,42,False,"['B', 'Cu', 'O']",3,0,"{'symprec': 0.1, 'source': 'spglib', 'symbol': 'I-42d', 'number': 122, 'point_group': '-42m', 'crystal_system': 'tetragonal', 'hall': 'I -4 2bw'}",0.0,3.9003307993909297,0.66403375,oxide,,87.05674241207569,2.0188237225,4.0
Ba3CoSb2O9,0,-6.285367979666666,-2.454686734749999,60,True,"['Ba', 'Co', 'O', 'Sb']",4,0,"{'symprec': 0.1, 'source': 'spglib', 'symbol': 'P6_3/mmc', 'number': 194, 'point_group': 'mmm', 'crystal_system': 'hexagonal', 'hall': '-P 6c 2c'}",0.0,6.342568864432062,0.007959025,oxide,,89.70519231005001,2.134762175,6.0
Y2BaNiO5,0,-7.45437156,-3.0437860836574067,9,True,"['Ba', 'Ni', 'O', 'Y']",4,0.037624938888898285,"{'symprec': 0.1, 'source': 'spglib', 'symbol': 'Immm', 'number': 71, 'point_group': 'mmm', 'crystal_system': 'orthorhombic', 'hall': '-I 2 2'}",2.2417,5.9454493290902475,2.0000006,oxide,,0.00018778556779520332,3.89435683925,40.0
RbCoCl3,0,-3.8823792669999997,-1.5122983074560004,10,False,"['Rb', 'Co', 'Cl']",3,0.008572969250002949,"{'symprec': 0.1, 'source': 'spglib', 'symbol': 'P6_3/mmc', 'number': 194, 'point_group': '6/mmm', 'crystal_system': 'hexagonal', 'hall': '-P 6c 2c'}",0.0,3.182862906389398,3.01406475,None,"{'G_Reuss': 3.0, 'G_VRH': 5.0, 'G_Voigt': 6.0, 'G_Voigt_Reuss_Hill': 5.0, 'K_Reuss': 16.0, 'K_VRH': 16.0, 'K_Voigt': 17.0, 'K_Voigt_Reuss_Hill': 16.0, 'elastic_anisotropy': 4.4, 'elastic_tensor': [[22.0, 14.0, 7.0, 0.0, 0.0, 0.0], [14.0, 22.0, 7.0, 0.0, 0.0, 0.0], [7.0, 7.0, 51.0, 0.0, 0.0, 0.0], [0.0, 0.0, 0.0, 2.0, 0.0, 0.0], [0.0, 0.0, 0.0, 0.0, 2.0, 0.0], [0.0, 0.0, 0.0, 0.0, 0.0, 4.0]], 'homogeneous_poisson': 0.37, 'poisson_ratio': 0.37, 'universal_anisotropy': 4.4, 'elastic_tensor_original': [[22.333923291210713, 21.229871059287436, 14.476073812957699, 0.0, 0.0, 0.0], [13.878668309597364, 15.503874901275811, -1.0624243416827908, 0.0, 0.0, 0.0], [6.3777582104836625, 6.377757950336078, 50.5574876062262, 0.0, 0.0, 0.0], [0.05011189151261447, 0.042805981778060775, 0.02149877255221685, 1.9719957016846785, 0.0, 0.0], [-0.026087072666735846, 0.06076299191523678, 0.004616218580580971, 0.0, 2.1811100647509507, 0.0], [-0.007688312400358091, -0.03321133087569671, -0.011340106638815342, 0.0, 0.0, 7.184156911275553]], 'compliance_tensor': [[77.9, -49.2, -3.7, -0.0, -0.0, 0.0], [-49.2, 77.9, -3.7, 0.0, 0.0, 0.0], [-3.7, -3.7, 20.7, -0.0, -0.0, -0.0], [-0.0, 0.0, -0.0, 481.6, 0.0, 0.0], [-0.0, 0.0, -0.0, 0.0, 481.6, -0.0], [0.0, 0.0, -0.0, 0.0, 0.0, 254.2]], 'warnings': [], 'nsites': 10}",52.69718889982313,2.5601036825,8.0
RbCoBr3,0,-3.464960497,-0.8650341995,30,False,"['Br', 'Co', 'Rb']",3,0.031681153000000066,"{'symprec': 0.1, 'source': 'spglib', 'symbol': 'P3c1', 'number': 158, 'point_group': '3m', 'crystal_system': 'trigonal', 'hall': 'P 3 -2""c'}",0.0,4.242787622991495,0.3011023666666667,None,,52.578926087170714,2.7165248175,8.0
CsCoCl3,0,-3.89124856,-1.5381939405422067,10,False,"['Cs', 'Co', 'Cl']",3,0.0059602067499993075,"{'symprec': 0.1, 'source': 'spglib', 'symbol': 'P6_3/mmc', 'number': 194, 'point_group': '6/mmm', 'crystal_system': 'hexagonal', 'hall': '-P 6c 2c'}",0.0,3.5663985723027887,2.9499623,None,"{'G_Reuss': 5.0, 'G_VRH': 6.0, 'G_Voigt': 7.0, 'G_Voigt_Reuss_Hill': 6.0, 'K_Reuss': 15.0, 'K_VRH': 15.0, 'K_Voigt': 16.0, 'K_Voigt_Reuss_Hill': 15.0, 'elastic_anisotropy': 2.12, 'elastic_tensor': [[20.0, 13.0, 6.0, 0.0, 0.0, 0.0], [13.0, 20.0, 6.0, 0.0, 0.0, 0.0], [6.0, 6.0, 50.0, 0.0, 0.0, 0.0], [0.0, 0.0, 0.0, 4.0, 0.0, 0.0], [0.0, 0.0, 0.0, 0.0, 4.0, 0.0], [0.0, 0.0, 0.0, 0.0, 0.0, 4.0]], 'homogeneous_poisson': 0.33, 'poisson_ratio': 0.33, 'universal_anisotropy': 2.12, 'elastic_tensor_original': [[20.611180467358427, 17.195360603010144, 12.407757277233376, 0.0, 0.0, 0.0], [13.189321741823576, 14.92777061705578, 0.008774594031861066, 0.0, 0.0, 0.0], [6.365131679981864, 6.365131159884612, 49.541582936684755, 0.0, 0.0, 0.0], [0.2747068828901957, 0.053933020467876146, 0.39846679010689834, 4.365618761244895, 0.0, 0.0], [0.4652810547086548, -0.8490892663824006, -0.6275986621287697, 0.0, 4.558391421405194, 0.0], [-0.0019450686303136384, -0.018627975896374833, -0.006342909052184368, 0.0, 0.0, 6.5727571611706335]], 'compliance_tensor': [[79.5, -47.7, -4.0, 0.0, 0.0, -0.0], [-47.7, 79.5, -4.0, -0.0, 0.0, -0.0], [-4.0, -4.0, 21.2, -0.0, -0.0, 0.0], [0.0, -0.0, -0.0, 224.1, -0.0, 0.0], [-0.0, 0.0, -0.0, -0.0, 224.1, -0.0], [-0.0, -0.0, 0.0, -0.0, 0.0, 254.4]], 'warnings': [], 'nsites': 10}",52.357122538607314,2.5704496725,8.0
Tb2Ti2O7,0,-8.775872872727273,-3.79600958534091,44,False,"['O', 'Tb', 'Ti']",3,0.0,"{'symprec': 0.1, 'source': 'spglib', 'symbol': 'P2_1', 'number': 4, 'point_group': '2', 'crystal_system': 'monoclinic', 'hall': 'P 2yb'}",3.0138,6.555812544702537,0.000126325,oxide,,64.23556524936475,2.4539897587499997,8.0
TiOCl,0,-7.181042973333334,-2.7161865448366673,6,False,"['Ti', 'Cl', 'O']",3,0.03849209555555344,"{'symprec': 0.1, 'source': 'spglib', 'symbol': 'Pmmn', 'number': 59, 'point_group': 'mmm', 'crystal_system': 'orthorhombic', 'hall': 'P 2 2ab -1ab'}",0.0,3.0924748231496744,0.0060823,oxide,"{'G_Reuss': 4.0, 'G_VRH': 13.0, 'G_Voigt': 23.0, 'G_Voigt_Reuss_Hill': 13.0, 'K_Reuss': 7.0, 'K_VRH': 21.0, 'K_Voigt': 36.0, 'K_Voigt_Reuss_Hill': 21.0, 'elastic_anisotropy': 32.04, 'elastic_tensor': [[150.0, 5.0, 20.0, 0.0, 0.0, 0.0], [5.0, 7.0, 3.0, 0.0, 0.0, 0.0], [20.0, 3.0, 108.0, 0.0, 0.0, 0.0], [0.0, 0.0, 0.0, 1.0, 0.0, 0.0], [0.0, 0.0, 0.0, 0.0, 33.0, 0.0], [0.0, 0.0, 0.0, 0.0, 0.0, 2.0]], 'homogeneous_poisson': 0.24, 'poisson_ratio': 0.24, 'universal_anisotropy': 32.04, 'elastic_tensor_original': [[107.58724077647123, 20.30779252920837, 3.323074477352345, 0.0, 0.0, 0.0], [20.268295334787002, 150.3126753875691, 3.942923501047227, 0.0, 0.0, 0.0], [3.054372970832654, 6.727698817209841, 7.06162202143778, 0.0, 0.0, 0.0], [-5.8103376003989096e-05, -1.4870010920922764e-05, -1.0683341178988287e-05, 2.2884505039572955, 0.0, 0.0], [-4.110999016475457e-05, -7.387998232429866e-05, -8.79666456178122e-06, 0.0, 1.3767018872949368, 0.0], [5.693332950466465e-06, 3.939999735045412e-05, 4.719999682915637e-06, 0.0, 0.0, 32.98885837495111]], 'compliance_tensor': [[7.0, -4.7, -1.2, 0.0, 0.0, 0.0], [-4.7, 146.8, -3.5, 0.0, 0.0, 0.0], [-1.2, -3.5, 9.6, 0.0, 0.0, 0.0], [0.0, 0.0, 0.0, 726.4, 0.0, 0.0], [0.0, 0.0, 0.0, 0.0, 30.3, 0.0], [0.0, 0.0, 0.0, 0.0, 0.0, 437.0]], 'warnings': [], 'nsites': 6}",83.93562823172462,2.1834861633333333,6.0
TiOBr,0,-6.95784545,-2.3652971670833325,6,False,"['Ti', 'Br', 'O']",3,0.018623534999997915,"{'symprec': 0.1, 'source': 'spglib', 'symbol': 'Pmmn', 'number': 59, 'point_group': 'mmm', 'crystal_system': 'orthorhombic', 'hall': 'P 2 2ab -1ab'}",0.0,4.141585310924563,0.3208065,oxide,"{'G_Reuss': 6.0, 'G_VRH': 15.0, 'G_Voigt': 23.0, 'G_Voigt_Reuss_Hill': 15.0, 'K_Reuss': 5.0, 'K_VRH': 15.0, 'K_Voigt': 24.0, 'K_Voigt_Reuss_Hill': 15.0, 'elastic_anisotropy': 18.84, 'elastic_tensor': [[94.0, -1.0, -1.0, 0.0, 0.0, 0.0], [-1.0, 6.0, -2.0, 0.0, 0.0, 0.0], [-1.0, -2.0, 128.0, 0.0, 0.0, 0.0], [0.0, 0.0, 0.0, 3.0, 0.0, 0.0], [0.0, 0.0, 0.0, 0.0, 32.0, 0.0], [0.0, 0.0, 0.0, 0.0, 0.0, 3.0]], 'homogeneous_poisson': 0.13, 'poisson_ratio': 0.13, 'universal_anisotropy': 18.84, 'elastic_tensor_original': [[128.2807857185662, 4.470938314625737, -4.6585790489370815, 0.0, 0.0, 0.0], [-5.74854256229371, 93.5659588574734, -1.6930936665149101, 0.0, 0.0, 0.0], [-0.2881797848096498, -0.32736778466194083, 6.1867397512390845, 0.0, 0.0, 0.0], [-0.06854840083006057, 0.07580104867686666, -0.013840492925377612, 3.2701111689873033, 0.0, 0.0], [0.04729566212297479, 0.005161584292585709, 0.05420893340776927, 0.0, 3.397170848012392, 0.0], [5.073333815173216e-06, -9.780667595132309e-05, -2.6526669184591163e-05, 0.0, 0.0, 32.18439148861758]], 'compliance_tensor': [[10.7, 1.8, 0.1, 0.0, 0.0, 0.0], [1.8, 163.2, 3.2, 0.0, 0.0, 0.0], [0.1, 3.2, 7.9, 0.0, 0.0, 0.0], [0.0, 0.0, 0.0, 294.4, 0.0, 0.0], [0.0, 0.0, 0.0, 0.0, 31.1, 0.0], [0.0, 0.0, 0.0, 0.0, 0.0, 305.8]], 'warnings': [], 'nsites': 6}",88.26741777110908,2.05247274,4.0
TmVO4,0,-8.034769959166667,-3.2250905522222215,12,True,"['O', 'Tm', 'V']",3,0,"{'symprec': 0.1, 'source': 'spglib', 'symbol': 'I4_1/amd', 'number': 141, 'point_group': '4/mmm', 'crystal_system': 'tetragonal', 'hall': 'I 4bw 2bw -1bw'}",2.9608,5.900443426448581,7.9e-06,oxide,,33.218498682091486,2.511692414,10.0
GdFeO3,0,-7.757690315,-1.247807177749999,20,True,"['Fe', 'Gd', 'O']",3,1.6581597198750002,"{'symprec': 0.1, 'source': 'spglib', 'symbol': 'Pnma', 'number': 62, 'point_group': 'mmm', 'crystal_system': 'orthorhombic', 'hall': '-P 2ac 2n'}",0.0,7.295593116577661,0.614296725,oxide,,88.5342213778496,2.04606617,6.0
DyFeO3,0,-7.416089573,-2.95581266725,20,True,"['Dy', 'Fe', 'O']",3,0.1630349440000014,"{'symprec': 0.1, 'source': 'spglib', 'symbol': 'Pnma', 'number': 62, 'point_group': 'mmm', 'crystal_system': 'orthorhombic', 'hall': '-P 2ac 2n'}",0.9134000000000002,7.604107611915745,0.9911639000000001,oxide,,87.68253728425287,2.0445305499999997,6.0
YMnO3,0,-8.364037632999999,-3.021783724539701,10,True,"['Mn', 'O', 'Y']",3,0.0,"{'symprec': 0.1, 'source': 'spglib', 'symbol': 'P6_3/mmc', 'number': 194, 'point_group': '6/mmm', 'crystal_system': 'hexagonal', 'hall': '-P 6c 2c'}",0.036700000000000184,4.896591687726435,0.008500299999999999,oxide,,90.0,2.0156175640000003,5.0
Ba3Mn2O8,0,-6.645345748846153,-2.43888814278695,26,True,"['Ba', 'Mn', 'O']",3,0,"{'symprec': 0.1, 'source': 'spglib', 'symbol': 'R-3m', 'number': 166, 'point_group': '2/m', 'crystal_system': 'trigonal', 'hall': '-R 3 2""'}",1.7221000000000002,5.093168106559505,0.0,oxide,,108.94019861317356,1.7193178675,4.0
BaCo2V2O8,0,-6.8802102625,-2.3078453476923078,52,True,"['Ba', 'Co', 'O', 'V']",4,0.003760351057700007,"{'symprec': 0.1, 'source': 'spglib', 'symbol': 'I4_1/acd', 'number': 142, 'point_group': '4/mmm', 'crystal_system': 'tetragonal', 'hall': 'I 4bw 2aw -1bw'}",1.8964,4.723048751493182,0.007326225,oxide,,84.42266540702344,2.1223680799999998,6.0
Ni3V2O8,0,-6.3774081546153845,-1.791754193846153,26,True,"['Ni', 'O', 'V']",3,0,"{'symprec': 0.1, 'source': 'spglib', 'symbol': 'Cmce', 'number': 64, 'point_group': 'mmm', 'crystal_system': 'orthorhombic', 'hall': '-C 2bc 2'}",0.0,4.6540011539562185,5.9998413,oxide,,81.1282405991944,2.0818600000000003,6.0
Ba2Cu3O4Cl2,0,-5.131167547272726,-1.8924470474109092,11,False,"['Ba', 'Cu', 'Cl', 'O']",4,0,"{'symprec': 0.1, 'source': 'spglib', 'symbol': 'I4/mmm', 'number': 139, 'point_group': '4/mmm', 'crystal_system': 'tetragonal', 'hall': '-I 4 2'}",0.0,4.474477441729847,0.0262032,oxide,"{'G_Reuss': 18.0, 'G_VRH': 20.0, 'G_Voigt': 22.0, 'G_Voigt_Reuss_Hill': 20.0, 'K_Reuss': 39.0, 'K_VRH': 53.0, 'K_Voigt': 68.0, 'K_Voigt_Reuss_Hill': 53.0, 'elastic_anisotropy': 1.95, 'elastic_tensor': [[141.0, 81.0, 32.0, 0.0, 0.0, 0.0], [81.0, 141.0, 32.0, 0.0, 0.0, 0.0], [32.0, 32.0, 40.0, 0.0, 0.0, 0.0], [0.0, 0.0, 0.0, 13.0, 0.0, 0.0], [0.0, 0.0, 0.0, 0.0, 13.0, 0.0], [0.0, 0.0, 0.0, 0.0, 0.0, 22.0]], 'homogeneous_poisson': 0.34, 'poisson_ratio': 0.34, 'universal_anisotropy': 1.95, 'elastic_tensor_original': [[141.44332941276528, 80.8574382107175, 22.620594300490904, 1.6000169546760975e-06, 0.0, 0.0], [80.85743821071748, 141.44332941276528, 22.620594300490907, 0.0, -1.6311850376416888e-06, 0.0], [40.62442857505982, 40.62442857505982, 39.88607915576554, 2.7999841458401206e-06, 2.7999841458401206e-06, 0.0], [0.0, -1.858378688471219e-08, 0.0, 13.487428744678517, 0.0, -9.29188497202342e-09], [-1.858378884731811e-08, 0.0, 0.0, 0.0, 13.487428744678517, -9.291915271380177e-09], [0.22349677142507895, -0.2234967714250787, 0.0, 5.000015020957388e-08, 5.0971074649165975e-08, 22.348624239344776]], 'compliance_tensor': [[11.157041797911464, -5.348451150357657, -4.605171229598637, -6.345295565243112e-09, 1.537287633194157e-08, 1.2301818181673136e-17], [-5.348451150357655, 11.157041797911466, -4.6051712295986365, 4.4734236911573646e-08, -7.369433546199485e-09, 1.402780333527962e-17], [-4.605171229598637, -4.605171229598635, 32.3735545607055, 4.460632663269514e-08, 4.47342370181728e-08, 3.115308341527457e-17], [-6.345295565243112e-09, 4.473423691157362e-08, 4.4606326632695185e-08, 74.14311644794059, 6.163765484548851e-17, 3.082657565861674e-08], [1.537287633194157e-08, -7.369433546199484e-09, 4.47342370181728e-08, 6.163765484548842e-17, 74.14311644794059, 5.1079532506167435e-08], [1.2301818181673139e-17, 1.402780333527961e-17, 3.1153083415274606e-17, 3.082657565861674e-08, 5.107953250616745e-08, 44.7454836275559]], 'warnings': [], 'nsites': 11}",1.295580490259062,2.35066656,8.0
SrCuO2,0,-5.65546808625,-2.0854633710416666,8,False,"['Sr', 'Cu', 'O']",3,0.0,"{'symprec': 0.1, 'source': 'spglib', 'symbol': 'Cmcm', 'number': 63, 'point_group': 'mmm', 'crystal_system': 'orthorhombic', 'hall': '-C 2c 2'}",0.0,5.167573150857568,4e-07,oxide,"{'G_Reuss': 37.0, 'G_VRH': 42.0, 'G_Voigt': 47.0, 'G_Voigt_Reuss_Hill': 42.0, 'K_Reuss': 79.0, 'K_VRH': 88.0, 'K_Voigt': 97.0, 'K_Voigt_Reuss_Hill': 88.0, 'elastic_anisotropy': 1.65, 'elastic_tensor': [[196.0, 95.0, 28.0, 0.0, 0.0, 0.0], [95.0, 224.0, 55.0, 0.0, 0.0, 0.0], [28.0, 55.0, 103.0, 0.0, 0.0, 0.0], [0.0, 0.0, 0.0, 20.0, 0.0, 0.0], [0.0, 0.0, 0.0, 0.0, 29.0, 0.0], [0.0, 0.0, 0.0, 0.0, 0.0, 70.0]], 'homogeneous_poisson': 0.3, 'poisson_ratio': 0.3, 'universal_anisotropy': 1.65, 'elastic_tensor_original': [[103.29396340084814, 54.38539739255289, 27.904445307164814, 0.0, 0.0, 0.0], [54.97092484308114, 223.50092900408626, 95.53413092778962, 0.0, 0.0, 0.0], [27.24073200960734, 93.53964921385622, 195.6502026208605, 0.0, 0.0, 0.0], [0.014153449001918164, 0.011437761931956754, 0.012469088754216448, 69.7572225826592, 0.0, 0.0], [0.000954881162111619, 0.0008573611850126988, 0.000772081179446961, 0.0, 28.884260891499636, 0.0], [0.0009086780742697822, 0.0008854607902998746, 0.002455887512755243, 0.0, 0.0, 20.486153877080508]], 'compliance_tensor': [[6.4, -2.6, -0.3, 0.0, 0.0, 0.0], [-2.6, 6.2, -2.6, -0.0, 0.0, 0.0], [-0.3, -2.6, 11.1, -0.0, 0.0, 0.0], [0.0, -0.0, -0.0, 48.8, 0.0, 0.0], [0.0, 0.0, 0.0, 0.0, 34.6, 0.0], [0.0, 0.0, 0.0, 0.0, 0.0, 14.3]], 'warnings': [], 'nsites': 8}",86.71957181894777,1.94925024,4.0
Sr2CuO3,0,-5.813652036666666,-2.4444577728472208,6,False,"['Sr', 'Cu', 'O']",3,0.0,"{'symprec': 0.1, 'source': 'spglib', 'symbol': 'Immm', 'number': 71, 'point_group': 'mmm', 'crystal_system': 'orthorhombic', 'hall': '-I 2 2'}",0.0,5.321943242365502,0.0048728,oxide,"{'G_Reuss': 53.0, 'G_VRH': 54.0, 'G_Voigt': 56.0, 'G_Voigt_Reuss_Hill': 54.0, 'K_Reuss': 96.0, 'K_VRH': 98.0, 'K_Voigt': 100.0, 'K_Voigt_Reuss_Hill': 98.0, 'elastic_anisotropy': 0.31, 'elastic_tensor': [[188.0, 82.0, 43.0, 0.0, 0.0, 0.0], [82.0, 202.0, 50.0, 0.0, 0.0, 0.0], [43.0, 50.0, 154.0, 0.0, 0.0, 0.0], [0.0, 0.0, 0.0, 42.0, 0.0, 0.0], [0.0, 0.0, 0.0, 0.0, 43.0, 0.0], [0.0, 0.0, 0.0, 0.0, 0.0, 71.0]], 'homogeneous_poisson': 0.27, 'poisson_ratio': 0.27, 'universal_anisotropy': 0.31, 'elastic_tensor_original': [[154.0277273144848, 43.32393369074047, 51.01839460016592, 0.0, 0.0, 0.0], [43.46679175269941, 188.49874977899677, 83.54071634081075, 0.0, 0.0, 0.0], [49.08182555012242, 81.4282870322452, 201.66987812999758, 0.0, 0.0, 0.0], [-0.0010634588101692988, -0.0010206521913963041, -0.0010040188766732641, 70.91199722481333, 0.0, 0.0], [-0.02761705195867801, -0.0019122746229992018, -0.0008819072614378567, 0.0, 42.01793847751369, 0.0], [-0.0019125376903015856, -0.0017395309310371814, -0.0017923476259739974, 0.0, 0.0, 42.69614312534126]], 'compliance_tensor': [[6.6, -2.4, -1.1, 0.0, 0.0, 0.0], [-2.4, 6.3, -1.4, 0.0, -0.0, 0.0], [-1.1, -1.4, 7.2, 0.0, 0.0, 0.0], [0.0, 0.0, 0.0, 23.8, 0.0, 0.0], [0.0, -0.0, 0.0, 0.0, 23.4, 0.0], [0.0, 0.0, 0.0, 0.0, 0.0, 14.1]], 'warnings': [], 'nsites': 6}",90.0,1.97513971,4.0
AgVP2S6,0,-5.111443426,-0.7535038109226193,20,False,"['Ag', 'P', 'S', 'V']",4,0.023869196106771184,"{'symprec': 0.1, 'source': 'spglib', 'symbol': 'P2/c', 'number': 13, 'point_group': '2/m', 'crystal_system': 'monoclinic', 'hall': '-P 2yc'}",0.028599999999999962,2.9716169120702234,5.550000000000001e-05,None,,83.05155184506013,2.4607385733333333,6.0
Gd2CuO4,0,-10.101292178571429,-3.0678474607142863,14,False,"['Gd', 'Cu', 'O']",3,0.0,"{'symprec': 0.1, 'source': 'spglib', 'symbol': 'I4/mmm', 'number': 139, 'point_group': 'mmm', 'crystal_system': 'tetragonal', 'hall': '-I 4 2'}",0.0,8.02250164944301,6.925008900000001,oxide,"{'G_Reuss': 46.0, 'G_VRH': 57.0, 'G_Voigt': 67.0, 'G_Voigt_Reuss_Hill': 57.0, 'K_Reuss': 140.0, 'K_VRH': 143.0, 'K_Voigt': 146.0, 'K_Voigt_Reuss_Hill': 143.0, 'elastic_anisotropy': 2.29, 'elastic_tensor': [[262.0, 157.0, 60.0, 0.0, 0.0, 0.0], [157.0, 262.0, 60.0, 0.0, 0.0, 0.0], [60.0, 60.0, 230.0, 0.0, 0.0, 0.0], [0.0, 0.0, 0.0, 28.0, 0.0, 0.0], [0.0, 0.0, 0.0, 0.0, 28.0, 0.0], [0.0, 0.0, 0.0, 0.0, 0.0, 120.0]], 'homogeneous_poisson': 0.32, 'poisson_ratio': 0.32, 'universal_anisotropy': 2.29, 'elastic_tensor_original': [[262.2221260317661, 157.38454540313123, 62.92940034225135, 5.19988479185208e-06, 5.19988479185208e-06, 0.0], [157.38454540313126, 262.2221260317661, 62.92940034225135, 5.199884788808549e-06, 5.306160234486674e-06, 0.0], [57.88666253499398, 57.88666253499398, 229.81608126053942, 1.9000266568855407e-05, 1.9000266568855407e-05, 0.0], [0.0, 4.711384979478526e-06, 0.0, 28.22038372612305, 4.5222535739075026e-08, 2.3556924601441908e-06], [4.711384977995457e-06, 0.0, 0.0, -4.5222535739052024e-08, 28.22038372612305, 2.355692410174977e-06], [1.2034094179240271, -1.2034094179239112, 0.0, -1.0000102355659337e-07, 6.430624763214358e-08, 120.33618564371396]], 'compliance_tensor': [[6.1, -3.5, -0.7, 0.0, -0.0, 0.0], [-3.5, 6.1, -0.7, -0.0, 0.0, 0.0], [-0.7, -0.7, 4.7, -0.0, -0.0, 0.0], [0.0, -0.0, -0.0, 35.4, 0.0, -0.0], [-0.0, 0.0, -0.0, 0.0, 35.4, -0.0], [0.0, 0.0, 0.0, -0.0, -0.0, 8.3]], 'warnings': ['Contains a rare earth element'], 'nsites': 14}",89.98745619521476,1.9554691175,4.0
Pr2CuO4,0,-7.327422014285713,-2.9497553235714284,7,False,"['Pr', 'Cu', 'O']",3,0.0,"{'symprec': 0.1, 'source': 'spglib', 'symbol': 'I4/mmm', 'number': 139, 'point_group': '4/mmm', 'crystal_system': 'tetragonal', 'hall': '-I 4 2'}",0.0,6.8215158623071845,0.008449799999999999,oxide,"{'G_Reuss': 53.0, 'G_VRH': 58.0, 'G_Voigt': 64.0, 'G_Voigt_Reuss_Hill': 58.0, 'K_Reuss': 127.0, 'K_VRH': 129.0, 'K_Voigt': 131.0, 'K_Voigt_Reuss_Hill': 129.0, 'elastic_anisotropy': 1.09, 'elastic_tensor': [[231.0, 136.0, 59.0, 0.0, 0.0, 0.0], [136.0, 231.0, 59.0, 0.0, 0.0, 0.0], [59.0, 59.0, 210.0, 0.0, 0.0, 0.0], [0.0, 0.0, 0.0, 38.0, 0.0, 0.0], [0.0, 0.0, 0.0, 0.0, 38.0, 0.0], [0.0, 0.0, 0.0, 0.0, 0.0, 106.0]], 'homogeneous_poisson': 0.3, 'poisson_ratio': 0.3, 'universal_anisotropy': 1.09, 'elastic_tensor_original': [[230.92337966571614, 136.33519263525892, 60.60213295275718, 0.0, 0.0, 0.0], [136.33358334371383, 230.92147164145382, 60.600322166923, 0.0, 0.0, 0.0], [58.243978236274, 58.243978236274, 209.96161261300128, 0.0, 0.0, 0.0], [-0.009872522676993662, -0.010109499327905296, -0.009725166020123547, 37.84817686379897, 0.0, 0.0], [-0.017028618867912303, -0.016959865539149965, -0.016515115568717743, 0.0, 37.8479780271455, 0.0], [0.001037383335063774, 0.0003395866672329464, 0.0007198633345338521, 0.0, 0.0, 105.57722346939532]], 'compliance_tensor': [[6.8, -3.8, -0.8, 0.0, -0.0, 0.0], [-3.8, 6.8, -0.8, -0.0, -0.0, -0.0], [-0.8, -0.8, 5.2, 0.0, -0.0, 0.0], [0.0, -0.0, 0.0, 26.4, -0.0, 0.0], [-0.0, -0.0, -0.0, -0.0, 26.4, 0.0], [0.0, -0.0, 0.0, 0.0, 0.0, 9.5]], 'warnings': ['Contains a rare earth element'], 'nsites': 7}",90.0,1.997867,4.0
Nd2CuO4,0,-7.354416361428571,-2.980394223571428,7,False,"['Nd', 'Cu', 'O']",3,0.0009392833333334848,"{'symprec': 0.1, 'source': 'spglib', 'symbol': 'I4/mmm', 'number': 139, 'point_group': '4/mmm', 'crystal_system': 'tetragonal', 'hall': '-I 4 2'}",0.0,7.086167303782593,0.0084899,oxide,"{'G_Reuss': 51.0, 'G_VRH': 58.0, 'G_Voigt': 65.0, 'G_Voigt_Reuss_Hill': 58.0, 'K_Reuss': 128.0, 'K_VRH': 130.0, 'K_Voigt': 132.0, 'K_Voigt_Reuss_Hill': 130.0, 'elastic_anisotropy': 1.34, 'elastic_tensor': [[235.0, 135.0, 58.0, 0.0, 0.0, 0.0], [135.0, 235.0, 58.0, 0.0, 0.0, 0.0], [58.0, 58.0, 217.0, 0.0, 0.0, 0.0], [0.0, 0.0, 0.0, 35.0, 0.0, 0.0], [0.0, 0.0, 0.0, 0.0, 35.0, 0.0], [0.0, 0.0, 0.0, 0.0, 0.0, 109.0]], 'homogeneous_poisson': 0.31, 'poisson_ratio': 0.31, 'universal_anisotropy': 1.34, 'elastic_tensor_original': [[235.13825400267282, 135.13898566195388, 59.71719335373373, 9.60018531764217e-06, 0.0, 0.0], [135.13898566195235, 235.13825400267282, 59.71719335373373, 0.0, 7.236216293604546e-08, 0.0], [55.37648148435565, 55.37648148435565, 216.98569067706381, 3.500043717575018e-05, 3.500043717575018e-05, 0.0], [0.0, 5.650690148971862e-06, 0.0, 34.88670331948939, -1.398018994836252e-07, 2.825345451858816e-06], [5.650690147009235e-06, 0.0, 0.0, 1.3980189942232663e-07, 34.88670331948939, 2.8253445663703126e-06], [1.092447109131951, -1.0924471091318138, 0.0, -9.999949273639761e-08, 1.216162184069236e-07, 109.23869544369839]], 'compliance_tensor': [[6.5, -3.5, -0.8, 0.0, -0.0, 0.0], [-3.5, 6.5, -0.8, -0.0, 0.0, 0.0], [-0.8, -0.8, 5.0, -0.0, -0.0, 0.0], [0.0, -0.0, -0.0, 28.7, 0.0, -0.0], [-0.0, 0.0, -0.0, 0.0, 28.7, -0.0], [0.0, 0.0, 0.0, -0.0, -0.0, 9.2]], 'warnings': ['Contains a rare earth element'], 'nsites': 7}",90.0,1.986927,4.0
Sm2CuO4,0,-7.3880886171428575,-3.0284838316666662,7,False,"['Sm', 'Cu', 'O']",3,0.00842212303570822,"{'symprec': 0.1, 'source': 'spglib', 'symbol': 'I4/mmm', 'number': 139, 'point_group': '4/mmm', 'crystal_system': 'tetragonal', 'hall': '-I 4 2'}",0.0,7.575626216473968,0.007249600000000001,oxide,"{'G_Reuss': 51.0, 'G_VRH': 59.0, 'G_Voigt': 68.0, 'G_Voigt_Reuss_Hill': 59.0, 'K_Reuss': 142.0, 'K_VRH': 145.0, 'K_Voigt': 147.0, 'K_Voigt_Reuss_Hill': 145.0, 'elastic_anisotropy': 1.71, 'elastic_tensor': [[259.0, 156.0, 66.0, 0.0, 0.0, 0.0], [156.0, 259.0, 66.0, 0.0, 0.0, 0.0], [66.0, 66.0, 233.0, 0.0, 0.0, 0.0], [0.0, 0.0, 0.0, 33.0, 0.0, 0.0], [0.0, 0.0, 0.0, 0.0, 33.0, 0.0], [0.0, 0.0, 0.0, 0.0, 0.0, 118.0]], 'homogeneous_poisson': 0.32, 'poisson_ratio': 0.32, 'universal_anisotropy': 1.71, 'elastic_tensor_original': [[258.72758190397764, 155.7527684911282, 67.41864680096307, 5.599990331554958e-06, -5.599990331554958e-06, 0.0], [155.75276849112606, 258.7275819039741, 67.41864680096218, 5.5260427236598744e-06, -5.599990336068097e-06, 0.0], [64.38023219891537, 64.38023219891537, 232.80376318856023, 1.9199830667204736e-05, -1.9199830667204736e-05, 0.0], [0.0, 5.433363406227676e-06, 0.0, 32.923686904724654, 3.262313278969767e-08, -2.7166806220613938e-06], [-5.433363408659916e-06, 0.0, 0.0, -3.262313285772121e-08, 32.923686904724654, 2.7166818580214878e-06], [1.1788559554320353, -1.1788559554324303, 0.0, 9.365073453962831e-09, 0.0, 117.88021112036107]], 'compliance_tensor': [[6.2, -3.5, -0.8, -0.0, 0.0, 0.0], [-3.5, 6.2, -0.8, 0.0, -0.0, 0.0], [-0.8, -0.8, 4.7, 0.0, 0.0, 0.0], [-0.0, 0.0, 0.0, 30.4, 0.0, 0.0], [0.0, -0.0, 0.0, 0.0, 30.4, 0.0], [0.0, 0.0, 0.0, 0.0, 0.0, 8.5]], 'warnings': ['Contains a rare earth element'], 'nsites': 7}",90.0,1.968241,4.0
Eu2CuO4,0,-8.54321026,-2.5909309035714294,7,False,"['Eu', 'Cu', 'O']",3,0,"{'symprec': 0.1, 'source': 'spglib', 'symbol': 'I4/mmm', 'number': 139, 'point_group': '4/mmm', 'crystal_system': 'tetragonal', 'hall': '-I 4 2'}",0.0,7.6551995440047325,11.7976481,oxide,"{'G_Reuss': 53.0, 'G_VRH': 57.0, 'G_Voigt': 61.0, 'G_Voigt_Reuss_Hill': 57.0, 'K_Reuss': 119.0, 'K_VRH': 123.0, 'K_Voigt': 127.0, 'K_Voigt_Reuss_Hill': 123.0, 'elastic_anisotropy': 0.8, 'elastic_tensor': [[238.0, 130.0, 57.0, 0.0, 0.0, 0.0], [130.0, 238.0, 57.0, 0.0, 0.0, 0.0], [57.0, 57.0, 179.0, 0.0, 0.0, 0.0], [0.0, 0.0, 0.0, 38.0, 0.0, 0.0], [0.0, 0.0, 0.0, 0.0, 38.0, 0.0], [0.0, 0.0, 0.0, 0.0, 0.0, 89.0]], 'homogeneous_poisson': 0.3, 'poisson_ratio': 0.3, 'universal_anisotropy': 0.8, 'elastic_tensor_original': [[237.77516051700042, 129.85711088307806, 48.954916605758356, 3.999939259792093e-06, 0.0, 0.0], [129.85711088307804, 237.77516051700033, 48.954916605758335, 8.04434005697845e-08, -3.999939261005981e-06, 0.0], [65.55370236274342, 65.55370236274342, 178.50810445249812, 1.46001406173031e-05, -1.46001406173031e-05, 0.0], [0.0, 6.30376907375089e-08, 0.0, 38.362431796688696, 4.951399904479978e-07, -3.15188471917994e-08], [-6.303769181866107e-08, 0.0, 0.0, -4.951399905213178e-07, 38.362431796688675, 3.151884190817037e-08], [0.8941138145540517, -0.8941138145540553, 0.0, -6.930910964328691e-07, 0.0, 89.40711644460313]], 'compliance_tensor': [[6.1, -3.1, -1.0, -0.0, 0.0, 0.0], [-3.1, 6.1, -1.0, 0.0, -0.0, 0.0], [-1.0, -1.0, 6.2, 0.0, 0.0, 0.0], [-0.0, 0.0, 0.0, 26.1, 0.0, 0.0], [0.0, -0.0, 0.0, 0.0, 26.1, 0.0], [0.0, 0.0, 0.0, 0.0, 0.0, 11.2]], 'warnings': ['Contains a rare earth element'], 'nsites': 7}",90.0,1.959122,4.0
Sr2CuO2Cl2,0,-5.087443041428571,-2.447842746050476,7,False,"['Sr', 'Cu', 'Cl', 'O']",4,0.0,"{'symprec': 0.1, 'source': 'spglib', 'symbol': 'I4/mmm', 'number': 139, 'point_group': '4/mmm', 'crystal_system': 'tetragonal', 'hall': '-I 4 2'}",0.0,4.437667488481293,0.007583800000000001,oxide,"{'G_Reuss': 38.0, 'G_VRH': 39.0, 'G_Voigt': 40.0, 'G_Voigt_Reuss_Hill': 39.0, 'K_Reuss': 71.0, 'K_VRH': 74.0, 'K_Voigt': 78.0, 'K_Voigt_Reuss_Hill': 74.0, 'elastic_anisotropy': 0.47, 'elastic_tensor': [[148.0, 70.0, 43.0, 0.0, 0.0, 0.0], [70.0, 148.0, 43.0, 0.0, 0.0, 0.0], [43.0, 43.0, 91.0, 0.0, 0.0, 0.0], [0.0, 0.0, 0.0, 32.0, 0.0, 0.0], [0.0, 0.0, 0.0, 0.0, 32.0, 0.0], [0.0, 0.0, 0.0, 0.0, 0.0, 60.0]], 'homogeneous_poisson': 0.28, 'poisson_ratio': 0.28, 'universal_anisotropy': 0.47, 'elastic_tensor_original': [[147.64595671757357, 70.29919903424626, 40.21589090723091, -2.399943624041723e-06, 2.399943624041723e-06, 0.0], [70.29919903424515, 147.64595671757127, 40.21589090723028, 2.449759800532673e-06, 2.3999436252107658e-06, 0.0], [45.317622776061334, 45.317622776061334, 90.68547883950723, -5.599965149888031e-06, 5.599965149888031e-06, 0.0], [0.0, 4.001555700330617e-08, 0.0, 32.30399741476061, 2.0200082705127187e-07, -2.000778014636763e-08], [-4.001555602199741e-08, 0.0, 0.0, -2.0200082709822236e-07, 32.30399741476061, 2.0007782652219978e-08], [0.6023708669917996, -0.602370866991856, 0.0, 0.0, 0.0, 60.233486429264175]], 'compliance_tensor': [[9.3, -3.6, -2.7, -0.0, 0.0, 0.0], [-3.6, 9.3, -2.7, 0.0, -0.0, 0.0], [-2.7, -2.7, 13.5, 0.0, 0.0, 0.0], [-0.0, 0.0, 0.0, 31.0, 0.0, 0.0], [0.0, -0.0, 0.0, 0.0, 31.0, 0.0], [0.0, 0.0, 0.0, 0.0, 0.0, 16.6]], 'warnings': [], 'nsites': 7}",90.0,1.994805,4.0
RuCl3,0,-4.24812507375,-0.9891395636949998,8,False,"['Cl', 'Ru']",2,0.0,"{'symprec': 0.1, 'source': 'spglib', 'symbol': 'P6_3/mcm', 'number': 193, 'point_group': '6/mmm', 'crystal_system': 'hexagonal', 'hall': '-P 6c 2'}",0.0,3.2372341412476064,0.011057899999999999,None,,53.015362098722115,2.4927841875,8.0
Cr2Ge2Te6,0,-4.6299951560000006,0.11009722200000027,10,False,"['Cr', 'Ge', 'Te']",3,0.2599899088000006,"{'symprec': 0.1, 'source': 'spglib', 'symbol': 'R-3', 'number': 148, 'point_group': '-3', 'crystal_system': 'trigonal', 'hall': '-R 3'}",0.0,5.598935899908832,0.21441275,None,"{'G_Reuss': 3.0, 'G_VRH': 9.0, 'G_Voigt': 16.0, 'G_Voigt_Reuss_Hill': 9.0, 'K_Reuss': 5.0, 'K_VRH': 14.0, 'K_Voigt': 23.0, 'K_Voigt_Reuss_Hill': 14.0, 'elastic_anisotropy': 23.79, 'elastic_tensor': [[77.0, 18.0, 2.0, -0.0, -1.0, 0.0], [18.0, 77.0, 2.0, 0.0, 1.0, 0.0], [2.0, 2.0, 5.0, 0.0, 0.0, 0.0], [-0.0, 0.0, 0.0, 2.0, 0.0, 1.0], [-1.0, 1.0, 0.0, 0.0, 2.0, -0.0], [0.0, 0.0, 0.0, 1.0, -0.0, 29.0]], 'homogeneous_poisson': 0.22, 'poisson_ratio': 0.22, 'universal_anisotropy': 23.79, 'elastic_tensor_original': [[76.76383502289777, 18.003668326952994, 1.8330082084133488, -0.059469285355125655, 0.6922449293769152, -0.10900279564403866], [17.81983941868531, 76.60454316703945, 1.790581029164231, 0.1195001388367189, -0.9891321848453128, -0.029106581589297267], [2.6872941608926277, 2.6872941608926277, 4.74132113335514, 0.0, 0.0, 5.385021200899032e-08], [-0.02990454147051742, -0.13475896569631926, -0.02363985538381609, 1.6798095870606393, -0.008755467101818458, -0.810556924305445], [0.9087818065094284, -0.7345189547566211, 0.14323853232413905, 0.0007426380094367567, 1.6312098827377632, 0.038768670097961345], [-0.001501832934962824, 0.014760747381137716, -0.020825032192688206, -0.8355178088433949, 0.05522336165948305, 29.100627106619875]], 'compliance_tensor': [[14.1, -3.3, -5.1, 0.1, 8.7, 0.0], [-3.3, 14.1, -5.1, -0.1, -8.7, 0.0], [-5.1, -5.1, 215.8, -0.0, -0.0, -0.0], [0.1, -0.1, -0.0, 612.7, 0.0, -17.3], [8.7, -8.7, -0.0, 0.0, 612.7, 0.3], [0.0, 0.0, -0.0, -17.3, 0.3, 34.7]], 'warnings': [], 'nsites': 10}",101.26019356146088,2.5763887975,4.0
Cr2Si2Te6,0,-5.0873989549999985,-0.1773043969999996,10,False,"['Cr', 'Si', 'Te']",3,0,"{'symprec': 0.1, 'source': 'spglib', 'symbol': 'R-3', 'number': 148, 'point_group': '-3', 'crystal_system': 'trigonal', 'hall': '-R 3'}",0.0,4.994812762430259,0.4914262,None,"{'G_Reuss': 2.0, 'G_VRH': 9.0, 'G_Voigt': 16.0, 'G_Voigt_Reuss_Hill': 9.0, 'K_Reuss': 3.0, 'K_VRH': 13.0, 'K_Voigt': 23.0, 'K_Voigt_Reuss_Hill': 13.0, 'elastic_anisotropy': 34.71, 'elastic_tensor': [[80.0, 18.0, 2.0, 0.0, -1.0, 0.0], [18.0, 80.0, 2.0, -0.0, 1.0, 0.0], [2.0, 2.0, 3.0, 0.0, 0.0, 0.0], [0.0, -0.0, 0.0, 1.0, 0.0, 1.0], [-1.0, 1.0, 0.0, 0.0, 1.0, 0.0], [0.0, 0.0, 0.0, 1.0, 0.0, 31.0]], 'homogeneous_poisson': 0.21, 'poisson_ratio': 0.21, 'universal_anisotropy': 34.71, 'elastic_tensor_original': [[80.2244750005963, 17.886440215087884, 2.0427232155963044, -0.08374995693056263, 1.134652068275208, 0.06888262988633174], [17.72967120721918, 79.50265582462897, 1.2903096130666336, 0.0833032077302907, -0.5079815142515738, 0.0017444622956905205], [1.8393497708330087, 1.8393499906809678, 3.0468101647247545, 0.0, 0.0, -4.279969240069496e-08], [0.018557079022654212, 0.020027862673902695, 0.010806187067590015, 1.2844324512825498, 0.01748535295354144, -0.6103831757966772], [-0.34243614735129074, -0.7843864966830657, 0.4199855822512829, 0.06537847051723908, 1.3597695266165233, 0.015249435122994462], [0.03720709205573758, 0.025740994103564948, 0.03739875655920525, -0.5877205025998661, 0.0009852435281849801, 30.643819517614947]], 'compliance_tensor': [[13.4, -2.9, -6.0, -0.2, 6.9, -0.0], [-2.9, 13.4, -6.0, 0.2, -6.9, -0.0], [-6.0, -6.0, 335.1, -0.0, -0.0, 0.0], [-0.2, 0.2, -0.0, 762.2, -0.0, -13.8], [6.9, -6.9, -0.0, -0.0, 762.2, -0.4], [-0.0, -0.0, 0.0, -13.8, -0.4, 32.7]], 'warnings': [], 'nsites': 10}",85.4276592104169,2.7828367616666667,6.0
NiPS3,0,-4.909807912,-0.5873924595892859,10,False,"['Ni', 'P', 'S']",3,0.07999386778000073,"{'symprec': 0.1, 'source': 'spglib', 'symbol': 'C2/m', 'number': 12, 'point_group': '2/m', 'crystal_system': 'monoclinic', 'hall': '-C 2y'}",0.0,3.1770513301547467,5.2000000000000004e-05,None,,85.23668570411328,2.435942843333333,6.0
MnPS3,0,-5.803183687000001,-0.8043913005203202,10,False,"['Mn', 'P', 'S']",3,0,"{'symprec': 0.1, 'source': 'spglib', 'symbol': 'C2/m', 'number': 12, 'point_group': '2/m', 'crystal_system': 'monoclinic', 'hall': '-C 2y'}",0.2185999999999999,2.6833312665172486,0.0,None,,27.95409675443093,3.532678486666667,21.0
BaCu2Si2O7,0,-6.7459764897916665,-2.522324509687501,48,False,"['Ba', 'Cu', 'O', 'Si']",4,0.04165355354168021,"{'symprec': 0.1, 'source': 'spglib', 'symbol': 'Pnma', 'number': 62, 'point_group': 'mmm', 'crystal_system': 'orthorhombic', 'hall': '-P 2ac 2n'}",0.0,4.4483140557787015,6.1625e-05,oxide,,89.3988094499481,1.9579020825000002,4.0
LiCuVO4,0,-6.287694597857143,-1.9461020880952389,14,True,"['Cu', 'Li', 'O', 'V']",4,0.06336847607142992,"{'symprec': 0.1, 'source': 'spglib', 'symbol': 'Imma', 'number': 74, 'point_group': 'mmm', 'crystal_system': 'orthorhombic', 'hall': '-I 2b 2'}",0.0,4.110999665099459,0.01947995,oxide,,21.11045859676477,3.12169845,26.0
La2Cu2O5,0,-6.9127885438888885,-2.5462602223611106,18,False,"['Cu', 'La', 'O']",3,0.03779452388888682,"{'symprec': 0.1, 'source': 'spglib', 'symbol': 'P4_2/m', 'number': 84, 'point_group': '4/m', 'crystal_system': 'tetragonal', 'hall': '-P 4c'}",0.0,6.487536776008037,0.00357805,oxide,,85.43559753693839,1.9981547000000002,4.0
La8Cu7O19,0,-6.991932813823531,-2.6139873009926475,68,False,"['Cu', 'La', 'O']",3,0.06613740911764587,"{'symprec': 0.1, 'source': 'spglib', 'symbol': 'P-1', 'number': 2, 'point_group': '-1', 'crystal_system': 'triclinic', 'hall': '-P 1'}",0.0,6.932359423806343,0.36743705,oxide,,85.24068767966007,1.983237055,4.0
La2CuO4,0,-7.472663535714285,-3.0506802849999994,7,False,"['Cu', 'La', 'O']",3,0.0,"{'symprec': 0.1, 'source': 'spglib', 'symbol': 'I4/mmm', 'number': 139, 'point_group': '4/mmm', 'crystal_system': 'tetragonal', 'hall': '-I 4 2'}",0.0,6.630535012320787,0.0045565,oxide,,90.0,2.004316,4.0
Cu3Ba2O6,0,-5.578718808636364,-1.7960320374999994,44,False,"['Ba', 'Cu', 'O']",3,0.0,"{'symprec': 0.1, 'source': 'spglib', 'symbol': 'P2/m', 'number': 10, 'point_group': '2/m', 'crystal_system': 'monoclinic', 'hall': '-P 2y'}",0.0,5.174634804182153,0.05700775,oxide,,84.88443926241524,1.8792018950000005,4.0
La2NiO4,0,-7.376234512142857,-3.0233062428571427,28,True,"['La', 'Ni', 'O']",3,0.046877780892856435,"{'symprec': 0.1, 'source': 'spglib', 'symbol': 'P4_2/ncm', 'number': 138, 'point_group': '4/mmm', 'crystal_system': 'tetragonal', 'hall': 'P 4n 2ab -1n'}",0.03460000000000018,6.808946783295827,2.8999999999999998e-06,oxide,,89.43881211574266,2.082439426666667,6.0
Tb3Ga5O12,0,-6.978683613625,-2.9791069373750005,80,False,"['Ga', 'O', 'Tb']",3,0,"{'symprec': 0.1, 'source': 'spglib', 'symbol': 'Ia-3d', 'number': 230, 'point_group': 'm-3m', 'crystal_system': 'cubic', 'hall': '-I 4bd 2c 3'}",3.2791,7.014793725364664,0.003547425,oxide,,68.09473374726521,2.4169091199999997,8.0
SrTiO3,0,-8.025813119999999,-3.5615070200833334,10,False,"['Sr', 'Ti', 'O']",3,0.0,"{'symprec': 0.1, 'source': 'spglib', 'symbol': 'I4/mcm', 'number': 140, 'point_group': '4/mmm', 'crystal_system': 'tetragonal', 'hall': '-I 4 2c'}",1.8583000000000005,4.972062125329374,0.0015159000000000001,oxide,"{'G_Reuss': 102.0, 'G_VRH': 102.0, 'G_Voigt': 102.0, 'G_Voigt_Reuss_Hill': 102.0, 'K_Reuss': 168.0, 'K_VRH': 168.0, 'K_Voigt': 169.0, 'K_Voigt_Reuss_Hill': 168.0, 'elastic_anisotropy': 0.02, 'elastic_tensor': [[297.0, 83.0, 112.0, 0.0, 0.0, 0.0], [83.0, 297.0, 112.0, 0.0, 0.0, 0.0], [112.0, 112.0, 311.0, 0.0, 0.0, 0.0], [0.0, 0.0, 0.0, 102.0, 0.0, 0.0], [0.0, 0.0, 0.0, 0.0, 102.0, 0.0], [0.0, 0.0, 0.0, 0.0, 0.0, 108.0]], 'homogeneous_poisson': 0.25, 'poisson_ratio': 0.25, 'universal_anisotropy': 0.02, 'elastic_tensor_original': [[297.20599367182575, 83.14835813885074, 112.75634698828712, 0.0, 0.0, 0.0], [83.14969650169418, 297.2079120426157, 112.75776253556636, 0.0, 0.0, 0.0], [111.25245037227351, 111.25245037227351, 310.72193947249656, 0.0, 0.0, 0.0], [1.2127149619239093, 1.4150906928377915, 1.3632176445457176, 102.63832296169745, 0.005327975313467189, -0.016275252229307105], [-4.163798550826297, -3.5117995229363648, -4.194114278182735, -0.01598392594040157, 101.7881140219363, -0.04880514338131714], [0.07710613970175795, 0.07326097678571374, -0.037056946125371394, 0.0, 0.0, 107.83275418566676]], 'compliance_tensor': [[4.004662919257927, -0.6669697591003956, -1.2031255249725845, -5.4372480443646e-19, -8.972631434273473e-19, 0.0], [-0.6669697591003955, 4.004662919257928, -1.2031255249725845, 9.055643612049494e-20, 5.4158717408085077e-20, 0.0], [-1.2031255249725845, -1.2031255249725845, 4.085683668229692, 1.6335187354531471e-19, 5.223904246362171e-19, 0.0], [-5.4372480443646e-19, 9.055643612049496e-20, 1.633518735453147e-19, 9.783470423446834, 1.218240428781157e-37, 0.0], [-8.972631434273473e-19, 5.4158717408085064e-20, 5.223904246362171e-19, 1.218240428781157e-37, 9.783470423446834, 0.0], [0.0, 0.0, 0.0, 0.0, 0.0, 9.27362013102436]], 'warnings': [], 'nsites': 10}",89.99988532731254,1.9758440400000001,6.0
KTaO3,0,-8.227823914,-3.08678938735,5,False,"['K', 'Ta', 'O']",3,0,"{'symprec': 0.1, 'source': 'spglib', 'symbol': 'Pm-3m', 'number': 221, 'point_group': 'm-3m', 'crystal_system': 'cubic', 'hall': '-P 4 2 3'}",2.1532,6.796251592212528,8.85e-05,oxide,"{'G_Reuss': 118.0, 'G_VRH': 122.0, 'G_Voigt': 127.0, 'G_Voigt_Reuss_Hill': 122.0, 'K_Reuss': 188.0, 'K_VRH': 188.0, 'K_Voigt': 188.0, 'K_Voigt_Reuss_Hill': 188.0, 'elastic_anisotropy': 0.38, 'elastic_tensor': [[415.0, 75.0, 75.0, 0.0, 0.0, 0.0], [75.0, 415.0, 75.0, 0.0, 0.0, 0.0], [75.0, 75.0, 415.0, 0.0, 0.0, 0.0], [0.0, 0.0, 0.0, 98.0, 0.0, 0.0], [0.0, 0.0, 0.0, 0.0, 98.0, 0.0], [0.0, 0.0, 0.0, 0.0, 0.0, 98.0]], 'homogeneous_poisson': 0.23, 'poisson_ratio': 0.23, 'universal_anisotropy': 0.38, 'elastic_tensor_original': [[415.2518349032217, 74.5882483848558, 74.5882483848558, 0.0, 0.0, 0.0], [74.5981054736801, 415.24910311330945, 74.5981054736801, 0.0, 0.0, 0.0], [74.58863416230805, 74.58863416230805, 415.24694200993923, 0.0, 0.0, 0.0], [0.00503534035917921, 0.0034531767217731257, 0.00536340639772, 97.99469880960076, 0.0, 0.0], [0.0014244806059780127, 3.13166067067732e-05, 0.0022884956183742726, 0.0, 97.99463664305308, 0.0], [0.004584724555275288, 0.003473793348966119, 0.005128023515058024, 0.0, 0.0, 97.9945455098943]], 'compliance_tensor': [[2.5, -0.4, -0.4, 0.0, -0.0, 0.0], [-0.4, 2.5, -0.4, 0.0, 0.0, -0.0], [-0.4, -0.4, 2.5, -0.0, 0.0, -0.0], [0.0, 0.0, -0.0, 10.2, -0.0, 0.0], [-0.0, 0.0, 0.0, -0.0, 10.2, -0.0], [0.0, -0.0, -0.0, 0.0, -0.0, 10.2]], 'warnings': [], 'nsites': 5}",90.0,2.0154195,6.0
